region,Resource,cluster,R_ID,zone,voltage_level,CapRes_1,THERM,DISP,NDISP,STOR,DR,HEAT,NACC,TRADER,HYDRO,Commit,Min_Share,Max_Share,Existing_Cap_MWh,Existing_Cap_MW,num_units,unmodified_existing_cap_mw,New_Build,Cap_size,Min_Cap_MW,Max_Cap_MW,Min_Share_percent,Max_Share_percent,capex,Inv_cost_per_MWyr,Fixed_OM_cost_per_MWyr,capex_mwh,Inv_cost_per_MWhyr,Fixed_OM_cost_per_MWhyr,Var_OM_cost_per_MWh,Var_OM_cost_per_MWh_in,Externality_cost_MWh,Start_cost_per_MW,Start_fuel_MMBTU_per_MW,Heat_rate_MMBTU_per_MWh,heat_rate_mmbtu_mwh_iqr,heat_rate_mmbtu_mwh_std,Fuel,Min_power,Self_disch,Eff_up,Eff_down,Ratio_power_to_energy,Min_Duration,Max_Duration,Max_DSM_delay,Ramp_Up_percentage,Ramp_Dn_percentage,Up_time,Down_time,NACC_Eff,NACC_Peak_to_Base,Reg_Up,Reg_Dn,Rsv_Up,Rsv_Dn,Reg_Cost,Rsv_Cost,spur_miles,spur_line_capex,interconnect_annuity,Power_uprate_cost_per_MWyr,Max_Uprate_MW,Hydro_level,Existing_Charge_Cap_MW,Existing_cap_MWh,RPS_1,RPS_2,RPS_3,RPS_4,RPS_5,RPS_6
MIS_Central,conventional_hydroelectric,1,1,1,trans,0,0,0,0,0,0,0,0,0,1,0,0,0,0,208.8,9,208.8,-1,1,0,0,0,0,0,0,44560,0,0,0,0,0,0,0,0,9.12,0,0,None,0,0,1,1,1,0,0,0,0.083,0.083,0,0,0,0,0,0,0,0,0,0,0,0,0,0,0,0.5,0,0,0,0,0,0,0,0
MIS_Central,conventional_steam_coal,1,2,1,trans,0,1,0,0,0,0,0,0,0,0,0,0,0,0,12097.2,34,12097.2,0,355.8,0,0,0,0,0,0,59791.288,0,0,0,1.8,0,0,117,13.7,10.79,0.429,0.387,west_north_central_coal,0.463,0,1,1,1,0,0,0,0.57,0.57,24,24,0,0,0,0,0,0,0,0,0,0,0,0,0,0,0,0,0,0,0,0,0,0
MIS_Central,natural_gas_fired_combined_cycle,1,3,1,trans,0,1,0,0,0,0,0,0,0,0,0,0,0,0,1729.6,4,1729.6,0,432.4,0,0,0,0,0,0,10408.124,0,0,0,3.561,0,0,87,2,7.93,1.205,0.908,west_north_central_naturalgas,0.519,0,1,1,1,0,0,0,0.64,0.64,6,6,0,0,0,0,0,0,0,0,0,0,0,0,0,0,0,0,0,0,0,0,0,0
MIS_Central,natural_gas_fired_combustion_turbine,1,4,1,trans,0,1,0,0,0,0,0,0,0,0,0,0,0,0,3296.81,43,3296.982,0,76.67,0,0,0,0,0,0,8274.102,0,0,0,10.8,0,0,113,3.5,12.79,2.547,2.235,west_north_central_naturalgas,0.491,0,1,1,1,0,0,0,3.78,3.78,1,1,0,0,0,0,0,0,0,0,0,0,0,0,0,0,0,0,0,0,0,0,0,0
MIS_Central,natural_gas_fired_combustion_turbine,2,5,1,trans,0,1,0,0,0,0,0,0,0,0,0,0,0,0,92,1,92,0,92,0,0,0,0,0,0,11182,0,0,0,10.8,0,0,113,3.5,16.84,0,0,west_north_central_naturalgas,0.598,0,1,1,1,0,0,0,3.78,3.78,1,1,0,0,0,0,0,0,0,0,0,0,0,0,0,0,0,0,0,0,0,0,0,0
MIS_Central,onshore_wind_turbine,1,6,1,trans,0,0,1,0,0,0,0,0,0,0,0,0,0,0,800.9,2,300,0,1,0,0,0,0,0,0,43205,0,0,0,0,0,0,0,0,9.12,0,0,None,0,0,1,1,1,0,0,0,1,1,0,0,0,0,0,0,0,0,0,0,0,0,0,0,0,0,0,0,0,0,1,0,0,0
MIS_Central,solar_photovoltaic,1,7,1,trans,0,0,1,0,0,0,0,0,0,0,0,0,0,0,201.6,54,194.184,0,1,0,0,0,0,0,0,17943,0,0,0,0,0,0,0,0,9.13,0,0.029,None,0,0,1,1,1,0,0,0,1,1,0,0,0,0,0,0,0,0,0,0,0,0,0,0,0,0,0,0,0,0,1,0,0,0
MIS_East,biomass,1,8,2,trans,0,0,0,1,0,0,0,0,0,0,0,0,0,0,25.85,47,73.085,-1,0.55,0,0,0,0,0,0,111708,0,0,0,4.504,0,0,0,0,11.17,1.867,2.166,None,0.621,0,1,1,1,0,0,0,1,1,0,0,0,0,0,0,0,0,0,0,0,0,0,0,0,0,0,0,0,0,1,0,0,0
MIS_East,conventional_steam_coal,1,9,2,trans,0,1,0,0,0,0,0,0,0,0,0,0,0,0,4608.96,8,4609,0,576.12,0,0,0,0,0,0,59685.304,0,0,0,1.8,0,0,117,13.7,10.43,0.816,0.793,west_north_central_coal,0.364,0,1,1,1,0,0,0,0.57,0.57,24,24,0,0,0,0,0,0,0,0,0,0,0,0,0,0,0,0,0,0,0,0,0,0
MIS_East,hydroelectric_pumped_storage,1,10,2,trans,0,0,0,0,1,0,0,0,0,0,0,0,0,0,1999.02,6,1999.002,0,1,0,0,0,0,0,0,38460,0,0,0,0,0,0,0,0,0,0,0,None,0.72,0,0.866,0.866,0.0063,0,0,0,1,1,0,0,0,0,0,0,0,0,0,0,0,0,0,0,0,0,0,0,0,0,0,0,0,0
MIS_East,natural_gas_fired_combined_cycle,1,11,2,trans,0,1,0,0,0,0,0,0,0,0,0,0,0,0,5462.19,9,5462.199,0,606.91,0,0,0,0,0,0,11187.164,0,0,0,3.4,0,0,87,2,7.93,0.902,0.95,west_north_central_naturalgas,0.455,0,1,1,1,0,0,0,0.64,0.64,6,6,0,0,0,0,0,0,0,0,0,0,0,0,0,0,0,0,0,0,0,0,0,0
MIS_East,natural_gas_fired_combined_cycle,2,12,2,trans,0,1,0,0,0,0,0,0,0,0,0,0,0,0,506.31,7,506.303,0,72.33,0,0,0,0,0,0,15620,0,0,0,4.3,0,0,87,2,9.57,2.197,6.397,west_north_central_naturalgas,0.41,0,1,1,1,0,0,0,0.64,0.64,6,6,0,0,0,0,0,0,0,0,0,0,0,0,0,0,0,0,0,0,0,0,0,0
MIS_East,natural_gas_fired_combustion_turbine,1,13,2,trans,0,1,0,0,0,0,0,0,0,0,0,0,0,0,2934.93,19,2935.006,0,154.47,0,0,0,0,0,0,7162,0,0,0,10.8,0,0,113,3.5,10.79,1.167,1.772,west_north_central_naturalgas,0.539,0,1,1,1,0,0,0,3.78,3.78,1,1,0,0,0,0,0,0,0,0,0,0,0,0,0,0,0,0,0,0,0,0,0,0
MIS_East,natural_gas_fired_combustion_turbine,2,14,2,trans,0,1,0,0,0,0,0,0,0,0,0,0,0,0,345.36,12,345.3,0,28.78,0,0,0,0,0,0,11182,0,0,0,10.8,0,0,113,3.5,12.85,4.665,3.062,west_north_central_naturalgas,0.484,0,1,1,1,0,0,0,3.78,3.78,1,1,0,0,0,0,0,0,0,0,0,0,0,0,0,0,0,0,0,0,0,0,0,0
MIS_East,natural_gas_fired_combustion_turbine,3,15,2,trans,0,1,0,0,0,0,0,0,0,0,0,0,0,0,1310.4,26,1310.504,0,50.4,0,0,0,0,0,0,8832,0,0,0,10.8,0,0,113,3.5,13.69,2.094,1.358,west_north_central_naturalgas,0.291,0,1,1,1,0,0,0,3.78,3.78,1,1,0,0,0,0,0,0,0,0,0,0,0,0,0,0,0,0,0,0,0,0,0,0
MIS_East,natural_gas_fired_combustion_turbine,4,16,2,trans,0,1,0,0,0,0,0,0,0,0,0,0,0,0,27.3,1,27.3,0,27.3,0,0,0,0,0,0,11182,0,0,0,10.8,0,0,113,3.5,27.9,0,0,west_north_central_naturalgas,0.637,0,1,1,1,0,0,0,3.78,3.78,1,1,0,0,0,0,0,0,0,0,0,0,0,0,0,0,0,0,0,0,0,0,0,0
MIS_East,nuclear,1,17,2,trans,0,1,0,0,0,0,0,0,0,0,0,0,0,0,1161,1,1161,0,1161,0,0,0,0,0,0,100888,0,0,0,2.3,0,0,235,0,10.46,0,0,west_north_central_uranium,0.5,0,1,1,1,0,0,0,0.25,0.25,24,24,0,0,0,0,0,0,0,0,0,0,0,0,0,0,0,0,0,0,0,0,0,0
MIS_East,onshore_wind_turbine,1,18,2,trans,0,0,1,0,0,0,0,0,0,0,0,0,0,0,2194.3,27,2008.503,0,1,0,0,0,0,0,0,43205,0,0,0,0,0,0,0,0,9.13,0,0.025,None,0,0,1,1,1,0,0,0,1,1,0,0,0,0,0,0,0,0,0,0,0,0,0,0,0,0,0,0,0,0,1,0,0,0
MIS_East,solar_photovoltaic,1,19,2,trans,0,0,1,0,0,0,0,0,0,0,0,0,0,0,132,9,68.4,0,1,0,0,0,0,0,0,17943,0,0,0,0,0,0,0,0,9.12,0.001,0,None,0,0,1,1,1,0,0,0,1,1,0,0,0,0,0,0,0,0,0,0,0,0,0,0,0,0,0,0,0,0,1,0,0,0
NY_East,conventional_hydroelectric,1,20,3,trans,0,0,0,0,0,0,0,0,0,1,0,0,0,0,275.75,25,275.8,-1,1,0,0,0,0,0,0,44560,0,0,0,0,0,0,0,0,9.12,0,0.018,None,0,0,1,1,1,0,0,0,0.083,0.083,0,0,0,0,0,0,0,0,0,0,0,0,0,0,0,0.5,0,0,0,0,0,0,1,0
NY_East,hydroelectric_pumped_storage,1,21,3,trans,0,0,0,0,1,0,0,0,0,0,0,0,0,0,1169.92,4,1169.9,0,1,0,0,0,0,0,0,38460,0,0,0,0,0,0,0,0,0,0,0,None,0.003,0,0.866,0.866,0.0063,0,0,0,1,1,0,0,0,0,0,0,0,0,0,0,0,0,0,0,0,0,0,0,0,0,0,0,0,0
NY_East,natural_gas_fired_combined_cycle,1,22,3,trans,0,1,0,0,0,0,0,0,0,0,0,0,0,0,1010.79,11,1010.801,0,91.89,0,0,0,0,0,0,15620,0,0,0,4.3,0,0,87,2,9.39,1.02,0.746,middle_atlantic_naturalgas,0.481,0,1,1,1,0,0,0,0.64,0.64,6,6,0,0,0,0,0,0,0,0,0,0,0,0,0,0,0,0,0,0,0,0,0,0
NY_East,natural_gas_fired_combined_cycle,2,23,3,trans,0,1,0,0,0,0,0,0,0,0,0,0,0,0,2327.31,9,2327.301,0,258.59,0,0,0,0,0,0,11680,0,0,0,3.4,0,0,87,2,6.85,0.803,0.432,middle_atlantic_naturalgas,0.513,0,1,1,1,0,0,0,0.64,0.64,6,6,0,0,0,0,0,0,0,0,0,0,0,0,0,0,0,0,0,0,0,0,0,0
NY_East,natural_gas_fired_combined_cycle,3,24,3,trans,0,1,0,0,0,0,0,0,0,0,0,0,0,0,21.7,1,21.7,0,21.7,0,0,0,0,0,0,15620,0,0,0,4.3,0,0,87,2,19.88,0,0,middle_atlantic_naturalgas,0.429,0,1,1,1,0,0,0,0.64,0.64,6,6,0,0,0,0,0,0,0,0,0,0,0,0,0,0,0,0,0,0,0,0,0,0
NY_East,natural_gas_fired_combined_cycle,4,25,3,trans,0,1,0,0,0,0,0,0,0,0,0,0,0,0,296,4,296,0,74,0,0,0,0,0,0,15620,0,0,0,4.3,0,0,87,2,5.88,0,0,middle_atlantic_naturalgas,0.845,0,1,1,1,0,0,0,0.64,0.64,6,6,0,0,0,0,0,0,0,0,0,0,0,0,0,0,0,0,0,0,0,0,0,0
NY_East,natural_gas_fired_combined_cycle,5,26,3,trans,0,1,0,0,0,0,0,0,0,0,0,0,0,0,4106.1,6,4106.1,0,684.35,0,0,0,0,0,0,9270,0,0,0,3.4,0,0,87,2,7.32,0.212,0.218,middle_atlantic_naturalgas,0.396,0,1,1,1,0,0,0,0.64,0.64,6,6,0,0,0,0,0,0,0,0,0,0,0,0,0,0,0,0,0,0,0,0,0,0
NY_East,natural_gas_fired_combined_cycle,6,27,3,trans,0,1,0,0,0,0,0,0,0,0,0,0,0,0,961.32,6,961.302,0,160.22,0,0,0,0,0,0,15620,0,0,0,4.3,0,0,87,2,7.69,0.53,0.352,middle_atlantic_naturalgas,0.532,0,1,1,1,0,0,0,0.64,0.64,6,6,0,0,0,0,0,0,0,0,0,0,0,0,0,0,0,0,0,0,0,0,0,0
NY_East,natural_gas_fired_combustion_turbine,1,28,3,trans,0,1,0,0,0,0,0,0,0,0,0,0,0,0,1220.01,33,1219.911,0,36.97,0,0,0,0,0,0,7162,0,0,0,10.8,0,0,113,3.5,15.14,1.23,0.565,middle_atlantic_naturalgas,0.422,0,1,1,1,0,0,0,3.78,3.78,1,1,0,0,0,0,0,0,0,0,0,0,0,0,0,0,0,0,0,0,0,0,0,0
NY_East,natural_gas_fired_combustion_turbine,2,29,3,trans,0,1,0,0,0,0,0,0,0,0,0,0,0,0,76.92,4,76.9,0,19.23,0,0,0,0,0,0,11182,0,0,0,10.8,0,0,113,3.5,5.52,0.124,0.089,middle_atlantic_naturalgas,0.567,0,1,1,1,0,0,0,3.78,3.78,1,1,0,0,0,0,0,0,0,0,0,0,0,0,0,0,0,0,0,0,0,0,0,0
NY_East,natural_gas_fired_combustion_turbine,3,30,3,trans,0,1,0,0,0,0,0,0,0,0,0,0,0,0,934.78,22,934.802,0,42.49,0,0,0,0,0,0,11182,0,0,0,10.8,0,0,113,3.5,11.15,0.973,1.06,middle_atlantic_naturalgas,0.408,0,1,1,1,0,0,0,3.78,3.78,1,1,0,0,0,0,0,0,0,0,0,0,0,0,0,0,0,0,0,0,0,0,0,0
NY_East,natural_gas_fired_combustion_turbine,4,31,3,trans,0,1,0,0,0,0,0,0,0,0,0,0,0,0,1031.04,12,1031.1,0,85.92,0,0,0,0,0,0,7162,0,0,0,10.8,0,0,113,3.5,9.45,0,0.904,middle_atlantic_naturalgas,0.601,0,1,1,1,0,0,0,3.78,3.78,1,1,0,0,0,0,0,0,0,0,0,0,0,0,0,0,0,0,0,0,0,0,0,0
NY_East,natural_gas_fired_combustion_turbine,5,32,3,trans,0,1,0,0,0,0,0,0,0,0,0,0,0,0,200.28,6,200.298,0,33.38,0,0,0,0,0,0,11182,0,0,0,10.8,0,0,113,3.5,16.68,2.282,3.184,middle_atlantic_naturalgas,0.08,0,1,1,1,0,0,0,3.78,3.78,1,1,0,0,0,0,0,0,0,0,0,0,0,0,0,0,0,0,0,0,0,0,0,0
NY_East,natural_gas_fired_combustion_turbine,6,33,3,trans,0,1,0,0,0,0,0,0,0,0,0,0,0,0,749.44,32,749.6,0,23.42,0,0,0,0,0,0,7162,0,0,0,10.8,0,0,113,3.5,17.27,0.364,0.185,middle_atlantic_naturalgas,0.68,0,1,1,1,0,0,0,3.78,3.78,1,1,0,0,0,0,0,0,0,0,0,0,0,0,0,0,0,0,0,0,0,0,0,0
NY_East,small_hydroelectric,1,34,3,trans,0,0,0,1,0,0,0,0,0,0,0,0,0,0,134.1,90,309.06,-1,1,0,0,0,0,0,0,44560,0,0,0,0,0,0,0,0,9.12,0,0,None,0,0,1,1,1,0,0,0,1,1,0,0,0,0,0,0,0,0,0,0,0,0,0,0,0,0,0,0,0,0,0,1,1,0
NY_East,solar_photovoltaic,1,35,3,trans,0,0,1,0,0,0,0,0,0,0,0,0,0,0,335.8,31,115.909,0,1,0,0,0,0,0,0,17943,0,0,0,0,0,0,0,0,9.13,0.001,0.037,None,0,0,1,1,1,0,0,0,1,1,0,0,0,0,0,0,0,0,0,0,0,0,0,0,0,0,0,0,0,0,0,1,1,0
NY_West,biomass,1,36,4,trans,0,0,0,1,0,0,0,0,0,0,0,0,0,0,25.84,68,86.02,-1,0.38,0,0,0,0,0,0,111708,0,0,0,5.039,0,0,0,0,12.18,1.477,1.312,None,0.542,0,1,1,1,0,0,0,1,1,0,0,0,0,0,0,0,0,0,0,0,0,0,0,0,0,0,0,0,0,0,1,1,0
NY_West,conventional_hydroelectric,1,37,4,trans,0,0,0,0,0,0,0,0,0,1,0,0,0,0,3369.08,38,3369.194,-1,1,0,0,0,0,0,0,44560,0,0,0,0,0,0,0,0,9.12,0,0,None,0,0,1,1,1,0,0,0,0.083,0.083,0,0,0,0,0,0,0,0,0,0,0,0,0,0,0,0.5,0,0,0,0,0,0,1,0
NY_West,conventional_steam_coal,1,38,4,trans,0,1,0,0,0,0,0,0,0,0,0,0,0,0,1040.67,9,1040.697,0,115.63,0,0,0,0,0,0,64802.52,0,0,0,1.8,0,0,117,13.7,10.21,1.672,1.378,middle_atlantic_coal,0.264,0,1,1,1,0,0,0,0.57,0.57,24,24,0,0,0,0,0,0,0,0,0,0,0,0,0,0,0,0,0,0,0,0,0,0
NY_West,hydroelectric_pumped_storage,1,39,4,trans,0,0,0,0,1,0,0,0,0,0,0,0,0,0,240,12,240,0,1,0,0,0,0,0,0,38460,0,0,0,0,0,0,0,0,0,0,0,None,0.05,0,0.866,0.866,0.0063,0,0,0,1,1,0,0,0,0,0,0,0,0,0,0,0,0,0,0,0,0,0,0,0,0,0,0,0,0
NY_West,natural_gas_fired_combined_cycle,1,40,4,trans,0,1,0,0,0,0,0,0,0,0,0,0,0,0,1482.3,15,1482.3,0,98.82,0,0,0,0,0,0,15620,0,0,0,4.3,0,0,87,2,9.35,0.801,0.554,middle_atlantic_naturalgas,0.541,0,1,1,1,0,0,0,0.64,0.64,6,6,0,0,0,0,0,0,0,0,0,0,0,0,0,0,0,0,0,0,0,0,0,0
NY_West,natural_gas_fired_combined_cycle,2,41,4,trans,0,1,0,0,0,0,0,0,0,0,0,0,0,0,1248.3,6,1248.3,0,208.05,0,0,0,0,0,0,11795.205,0,0,0,3.426,0,0,87,2,7.23,1.991,1.383,middle_atlantic_naturalgas,0.374,0,1,1,1,0,0,0,0.64,0.64,6,6,0,0,0,0,0,0,0,0,0,0,0,0,0,0,0,0,0,0,0,0,0,0
NY_West,natural_gas_fired_combustion_turbine,1,42,4,trans,0,1,0,0,0,0,0,0,0,0,0,0,0,0,7.2,1,7.2,0,7.2,0,0,0,0,0,0,11182,0,0,0,10.8,0,0,113,3.5,15.23,0,0,middle_atlantic_naturalgas,0.736,0,1,1,1,0,0,0,3.78,3.78,1,1,0,0,0,0,0,0,0,0,0,0,0,0,0,0,0,0,0,0,0,0,0,0
NY_West,natural_gas_fired_combustion_turbine,2,43,4,trans,0,1,0,0,0,0,0,0,0,0,0,0,0,0,94,2,94,0,47,0,0,0,0,0,0,11182,0,0,0,10.8,0,0,113,3.5,9.89,0.317,0.449,middle_atlantic_naturalgas,0.543,0,1,1,1,0,0,0,3.78,3.78,1,1,0,0,0,0,0,0,0,0,0,0,0,0,0,0,0,0,0,0,0,0,0,0
NY_West,natural_gas_fired_combustion_turbine,3,44,4,trans,0,1,0,0,0,0,0,0,0,0,0,0,0,0,4,1,4,0,4,0,0,0,0,0,0,11182,0,0,0,10.8,0,0,113,3.5,5.12,0,0,middle_atlantic_naturalgas,0.125,0,1,1,1,0,0,0,3.78,3.78,1,1,0,0,0,0,0,0,0,0,0,0,0,0,0,0,0,0,0,0,0,0,0,0
NY_West,nuclear,1,45,4,trans,0,1,0,0,0,0,0,0,0,0,0,0,0,0,3365.52,4,3365.5,0,841.38,0,0,0,0,0,0,100888,0,0,0,2.3,0,0,235,0,10.46,0,0,middle_atlantic_uranium,0.5,0,1,1,1,0,0,0,0.25,0.25,24,24,0,0,0,0,0,0,0,0,0,0,0,0,0,0,0,0,0,0,0,0,1,0
NY_West,onshore_wind_turbine,1,46,4,trans,0,0,1,0,0,0,0,0,0,0,0,0,0,0,2151.7,16,641.104,0,1,0,0,0,0,0,0,43205,0,0,0,0,0,0,0,0,9.13,0.092,0.046,None,0,0,1,1,1,0,0,0,1,1,0,0,0,0,0,0,0,0,0,0,0,0,0,0,0,0,0,0,0,0,0,1,1,0
NY_West,small_hydroelectric,1,47,4,trans,0,0,0,1,0,0,0,0,0,0,0,0,0,0,333.96,253,595.309,-1,1,0,0,0,0,0,0,44560,0,0,0,0,0,0,0,0,9.12,0,0,None,0,0,1,1,1,0,0,0,1,1,0,0,0,0,0,0,0,0,0,0,0,0,0,0,0,0,0,0,0,0,0,1,1,0
NY_West,solar_photovoltaic,1,48,4,trans,0,0,1,0,0,0,0,0,0,0,0,0,0,0,218.8,39,108.381,0,1,0,0,0,0,0,0,17943,0,0,0,0,0,0,0,0,9.17,0.092,0.043,None,0,0,1,1,1,0,0,0,1,1,0,0,0,0,0,0,0,0,0,0,0,0,0,0,0,0,0,0,0,0,0,1,1,0
PJM_COMD,conventional_steam_coal,1,49,5,trans,0.93,1,0,0,0,0,0,0,0,0,1,0,0,0,2646,4,2646,0,661.5,0,0,0,0,0,0,56585.571,0,0,0,1.8,0,0,117,13.7,11.39,0.779,0.613,east_north_central_coal,0.412,0,1,1,1,0,0,0,0.57,0.57,24,24,0,0,0,0,0,0,0,0,0,0,0,0,0,0,0,0,0,0,0,0,0,0
PJM_COMD,conventional_steam_coal,2,50,5,trans,0.93,1,0,0,0,0,0,0,0,0,1,0,0,0,42.4,1,42.4,0,42.4,0,0,0,0,0,0,69754,0,0,0,1.8,0,0,117,13.7,32.53,0,0,east_north_central_coal,0.236,0,1,1,1,0,0,0,0.57,0.57,24,24,0,0,0,0,0,0,0,0,0,0,0,0,0,0,0,0,0,0,0,0,0,0
PJM_COMD,conventional_steam_coal,3,51,5,trans,0.93,1,0,0,0,0,0,0,0,0,1,0,0,0,689,2,689,0,344.5,0,0,0,0,0,0,63457.93,0,0,0,1.8,0,0,117,13.7,10.88,0.126,0.179,east_north_central_coal,0.377,0,1,1,1,0,0,0,0.57,0.57,24,24,0,0,0,0,0,0,0,0,0,0,0,0,0,0,0,0,0,0,0,0,0,0
PJM_COMD,natural_gas_fired_combined_cycle,1,52,5,trans,0.93,1,0,0,0,0,0,0,0,0,1,0,0,0,3788.4,11,3788.4,0,344.4,0,0,0,0,0,0,11115.391,0,0,0,3.447,0,0,87,2,7.37,0.686,7.1,east_north_central_naturalgas,0.47,0,1,1,1,0,0,0,0.64,0.64,6,6,0,0,0,0,0,0,0,0,0,0,0,0,0,0,0,0,0,0,0,0,0,0
PJM_COMD,natural_gas_fired_combustion_turbine,1,53,5,trans,0.93,1,0,0,0,0,0,0,0,0,1,0,0,0,7897.5,81,7897.824,0,97.5,0,0,0,0,0,0,7228.632,0,0,0,10.8,0,0,113,3.5,11.42,1.27,1.627,east_north_central_naturalgas,0.519,0,1,1,1,0,0,0,3.78,3.78,1,1,0,0,0,0,0,0,0,0,0,0,0,0,0,0,0,0,0,0,0,0,0,0
PJM_COMD,nuclear,1,54,5,trans,0.93,1,0,0,0,0,0,0,0,0,1,0,0,0,10667,10,10667,0,1066.7,-1,0,0,0,0,0,100888,0,0,0,2.3,0,0,235,0,10.46,0,0,east_north_central_uranium,0.5,0,1,1,1,0,0,0,0.25,0.25,24,24,0,0,0,0,0,0,0,0,0,0,0,0,0,0,0,0,0,1,0,0,0,0
PJM_COMD,onshore_wind_turbine,1,55,5,trans,0.8,0,1,0,0,0,0,0,0,0,0,0,0,0,1832.9,10,1907.8,0,1,0,0,0,0,0,0,43205,0,0,0,0,0,0,0,0,9.14,0.069,0.044,None,0,0,1,1,1,0,0,0,1,1,0,0,0,0,0,0,0,0,0,0,0,0,0,0,0,0,0,0,1,1,0,0,0,0
PJM_COMD,solar_photovoltaic,1,56,5,trans,0.8,0,1,0,0,0,0,0,0,0,0,0,0,0,54.1,5,33.9,0,1,0,0,0,0,0,0,17943,0,0,0,0,0,0,0,0,9.12,0,0.001,None,0,0,1,1,1,0,0,0,1,1,0,0,0,0,0,0,0,0,0,0,0,0,0,0,0,0,0,0,1,1,0,0,0,0
PJM_Delaware,biomass,1,57,6,trans,0.93,0,0,1,0,0,0,0,0,0,1,0,0,0,7.75,31,19.592,-1,0.25,0,0,0,0,0,0,111708,0,0,0,4.073,0,0,0,0,10.07,0.27,1.586,None,0.469,0,1,1,1,0,0,0,1,1,0,0,0,0,0,0,0,0,0,0,0,0,0,0,0,0,0,0,1,1,0,0,0,0
PJM_Delaware,conventional_hydroelectric,1,58,6,trans,0,0,0,0,0,0,0,0,0,1,0,0,0,0,572,11,572,-1,1,0,0,0,0,0,0,44560,0,0,0,0,0,0,0,0,9.12,0,0,None,0,0,1,1,1,0,0,0,0.083,0.083,0,0,0,0,0,0,0,0,0,0,0,0,0,0,0,0.5,0,0,0,1,0,0,0,0
PJM_Delaware,conventional_steam_coal,1,59,6,trans,0.93,1,0,0,0,0,0,0,0,0,1,0,0,0,410,1,410,0,410,0,0,0,0,0,0,71140,0,0,0,1.8,0,0,117,13.7,15.92,0,0,middle_atlantic_coal,0.463,0,1,1,1,0,0,0,0.57,0.57,24,24,0,0,0,0,0,0,0,0,0,0,0,0,0,0,0,0,0,0,0,0,0,0
PJM_Delaware,natural_gas_fired_combined_cycle,1,60,6,trans,0.93,1,0,0,0,0,0,0,0,0,1,0,0,0,2314.6,4,2314.6,0,578.65,0,0,0,0,0,0,11790.645,0,0,0,3.425,0,0,87,2,7.76,0.365,0.648,middle_atlantic_naturalgas,0.277,0,1,1,1,0,0,0,0.64,0.64,6,6,0,0,0,0,0,0,0,0,0,0,0,0,0,0,0,0,0,0,0,0,0,0
PJM_Delaware,natural_gas_fired_combustion_turbine,1,61,6,trans,0.93,1,0,0,0,0,0,0,0,0,1,0,0,0,1372.41,13,1372.397,0,105.57,0,0,0,0,0,0,8267.089,0,0,0,10.8,0,0,113,3.5,10.34,1.114,2.603,middle_atlantic_naturalgas,0.436,0,1,1,1,0,0,0,3.78,3.78,1,1,0,0,0,0,0,0,0,0,0,0,0,0,0,0,0,0,0,0,0,0,0,0
PJM_Delaware,solar_photovoltaic,1,62,6,trans,0.8,0,1,0,0,0,0,0,0,0,0,0,0,0,213.9,34,244.494,0,1,0,0,0,0,0,0,17943,0,0,0,0,0,0,0,0,9.12,0,0.016,None,0,0,1,1,1,0,0,0,1,1,0,0,0,0,0,0,0,0,0,0,0,0,0,0,0,0,0,0,1,1,0,0,0,0
PJM_Dom,biomass,1,63,7,trans,0.93,0,0,1,0,0,0,0,0,0,1,0,0,0,52.74,293,244.362,-1,0.18,0,0,0,0,0,0,111708,0,0,0,8.187,0,0,0,0,19.81,0.781,1.799,None,0.321,0,1,1,1,0,0,0,1,1,0,0,0,0,0,0,0,0,0,0,0,0,0,0,0,0,0,0,1,1,0,0,0,0
PJM_Dom,conventional_hydroelectric,1,64,7,trans,0,0,0,0,0,0,0,0,0,1,0,0,0,0,611.66,17,611.592,-1,1,0,0,0,0,0,0,44560,0,0,0,0,0,0,0,0,9.12,0,0,None,0,0,1,1,1,0,0,0,0.083,0.083,0,0,0,0,0,0,0,0,0,0,0,0,0,0,0,0.5,0,0,0,1,0,0,0,0
PJM_Dom,conventional_steam_coal,1,65,7,trans,0.93,1,0,0,0,0,0,0,0,0,1,0,0,0,438,1,438,0,438,0,0,0,0,0,0,58934,0,0,0,1.8,0,0,117,13.7,10.04,0,0,south_atlantic_coal,0.297,0,1,1,1,0,0,0,0.57,0.57,24,24,0,0,0,0,0,0,0,0,0,0,0,0,0,0,0,0,0,0,0,0,0,0
PJM_Dom,conventional_steam_coal,2,66,7,trans,0.93,1,0,0,0,0,0,0,0,0,1,0,0,0,43,1,43,0,43,0,0,0,0,0,0,72400,0,0,0,1.8,0,0,117,13.7,34.1,0,0,south_atlantic_coal,0.186,0,1,1,1,0,0,0,0.57,0.57,24,24,0,0,0,0,0,0,0,0,0,0,0,0,0,0,0,0,0,0,0,0,0,0
PJM_Dom,conventional_steam_coal,3,67,7,trans,0.93,1,0,0,0,0,0,0,0,0,1,0,0,0,242.3,1,242.3,0,242.3,0,0,0,0,0,0,69124,0,0,0,1.8,0,0,117,13.7,10.87,0,0,south_atlantic_coal,0.289,0,1,1,1,0,0,0,0.57,0.57,24,24,0,0,0,0,0,0,0,0,0,0,0,0,0,0,0,0,0,0,0,0,0,0
PJM_Dom,conventional_steam_coal,4,68,7,trans,0.93,1,0,0,0,0,0,0,0,0,1,0,0,0,443,1,443,0,443,0,0,0,0,0,0,59060,0,0,0,1.8,0,0,117,13.7,10.44,0,0,south_atlantic_coal,0.293,0,1,1,1,0,0,0,0.57,0.57,24,24,0,0,0,0,0,0,0,0,0,0,0,0,0,0,0,0,0,0,0,0,0,0
PJM_Dom,hydroelectric_pumped_storage,1,69,7,trans,0,0,0,0,1,0,0,0,0,0,0,0,0,0,3003,6,3003,0,1,0,0,0,0,0,0,38460,0,0,0,0,0,0,0,0,0,0,0,None,0.414,0,0.866,0.866,0.0063,0,0,0,1,1,0,0,0,0,0,0,0,0,0,0,0,0,0,0,0,0,0,0,0,0,0,0,0,0
PJM_Dom,natural_gas_fired_combined_cycle,1,70,7,trans,0.93,1,0,0,0,0,0,0,0,0,1,0,0,0,9072,14,9072,0,648,0,0,0,0,0,0,11385.028,0,0,0,3.502,0,0,87,2,7.02,0.967,1.331,south_atlantic_naturalgas,0.359,0,1,1,1,0,0,0,0.64,0.64,6,6,0,0,0,0,0,0,0,0,0,0,0,0,0,0,0,0,0,0,0,0,0,0
PJM_Dom,natural_gas_fired_combustion_turbine,1,71,7,trans,0.93,1,0,0,0,0,0,0,0,0,1,0,0,0,4485.08,31,4484.987,0,144.68,0,0,0,0,0,0,7162,0,0,0,10.8,0,0,113,3.5,10.95,2.08,1.12,south_atlantic_naturalgas,0.487,0,1,1,1,0,0,0,3.78,3.78,1,1,0,0,0,0,0,0,0,0,0,0,0,0,0,0,0,0,0,0,0,0,0,0
PJM_Dom,nuclear,1,72,7,trans,0.93,1,0,0,0,0,0,0,0,0,1,0,0,0,3708,4,3708,0,927,0,0,0,0,0,0,100888,0,0,0,2.3,0,0,235,0,10.46,0,0,south_atlantic_uranium,0.5,0,1,1,1,0,0,0,0.25,0.25,24,24,0,0,0,0,0,0,0,0,0,0,0,0,0,0,0,0,0,1,0,0,0,0
PJM_Dom,onshore_wind_turbine,1,73,7,trans,0.8,0,1,0,0,0,0,0,0,0,0,0,0,0,208,1,208,0,1,0,0,0,0,0,0,43205,0,0,0,0,0,0,0,0,9.12,0,0,None,0,0,1,1,1,0,0,0,1,1,0,0,0,0,0,0,0,0,0,0,0,0,0,0,0,0,0,0,1,1,0,0,0,0
PJM_Dom,small_hydroelectric,1,74,7,trans,0,0,0,1,0,0,0,0,0,0,0,0,0,0,1655.85,15,14.505,-1,1,0,0,0,0,0,0,44560,0,0,0,0,0,0,0,0,9.12,0,0,None,0,0,1,1,1,0,0,0,1,1,0,0,0,0,0,0,0,0,0,0,0,0,0,0,0,0,0,0,1,1,0,0,0,0
PJM_Dom,solar_photovoltaic,1,75,7,trans,0.8,0,1,0,0,0,0,0,0,0,0,0,0,0,1556.3,81,1141.776,0,1,0,0,0,0,0,0,17943,0,0,0,0,0,0,0,0,9.17,0,0.035,None,0,0,1,1,1,0,0,0,1,1,0,0,0,0,0,0,0,0,0,0,0,0,0,0,0,0,0,0,1,1,0,0,0,0
PJM_NJCoast,biomass,1,76,8,trans,0.93,0,0,1,0,0,0,0,0,0,1,0,0,0,9.18,18,26.496,-1,0.51,0,0,0,0,0,0,111708,0,0,0,4.218,0,0,0,0,10.24,2.118,1.299,None,0.453,0,1,1,1,0,0,0,1,1,0,0,0,0,0,0,0,0,0,0,0,0,0,0,0,0,0,0,1,1,0,0,0,0
PJM_NJCoast,conventional_steam_coal,1,77,8,trans,0.93,1,0,0,0,0,0,0,0,0,1,0,0,0,461,2,461,0,230.5,0,0,0,0,0,0,69376,0,0,0,1.8,0,0,117,13.7,13.97,1.463,2.069,middle_atlantic_coal,0.208,0,1,1,1,0,0,0,0.57,0.57,24,24,0,0,0,0,0,0,0,0,0,0,0,0,0,0,0,0,0,0,0,0,0,0
PJM_NJCoast,natural_gas_fired_combined_cycle,1,78,8,trans,0.93,1,0,0,0,0,0,0,0,0,1,0,0,0,1527.4,5,1527.4,0,305.48,0,0,0,0,0,0,12440.427,0,0,0,3.849,0,0,87,2,7.9,1.006,0.853,middle_atlantic_naturalgas,0.506,0,1,1,1,0,0,0,0.64,0.64,6,6,0,0,0,0,0,0,0,0,0,0,0,0,0,0,0,0,0,0,0,0,0,0
PJM_NJCoast,natural_gas_fired_combustion_turbine,1,79,8,trans,0.93,1,0,0,0,0,0,0,0,0,1,0,0,0,1258.17,17,1258.102,0,74.01,0,0,0,0,0,0,9283.707,0,0,0,10.8,0,0,113,3.5,11.66,2.856,3.057,middle_atlantic_naturalgas,0.616,0,1,1,1,0,0,0,3.78,3.78,1,1,0,0,0,0,0,0,0,0,0,0,0,0,0,0,0,0,0,0,0,0,0,0
PJM_NJCoast,nuclear,1,80,8,trans,0.93,1,0,0,0,0,0,0,0,0,1,0,0,0,3500.19,3,3500.199,0,1166.73,0,0,0,0,0,0,100888,0,0,0,2.3,0,0,235,0,10.46,0,0,middle_atlantic_uranium,0.5,0,1,1,1,0,0,0,0.25,0.25,24,24,0,0,0,0,0,0,0,0,0,0,0,0,0,0,0,0,0,1,0,0,0,0
PJM_NJCoast,solar_photovoltaic,1,81,8,trans,0.8,0,1,0,0,0,0,0,0,0,0,0,0,0,225,89,294.056,0,1,0,0,0,0,0,0,17943,0,0,0,0,0,0,0,0,9.12,0,0.01,None,0,0,1,1,1,0,0,0,1,1,0,0,0,0,0,0,0,0,0,0,0,0,0,0,0,0,0,0,1,1,0,0,0,0
PJM_NJLand,biomass,1,82,9,trans,0.93,0,0,1,0,0,0,0,0,0,1,0,0,0,4.36,1,9.1,-1,4.36,0,0,0,0,0,0,111708,0,0,0,3.6,0,0,0,0,8.67,0,0,None,0.165,0,1,1,1,0,0,0,1,1,0,0,0,0,0,0,0,0,0,0,0,0,0,0,0,0,0,0,1,1,0,0,0,0
PJM_NJLand,hydroelectric_pumped_storage,1,83,9,trans,0,0,0,0,1,0,0,0,0,0,0,0,0,0,420,3,420,0,1,0,0,0,0,0,0,38460,0,0,0,0,0,0,0,0,0,0,0,None,0.5,0,0.866,0.866,0.0063,0,0,0,1,1,0,0,0,0,0,0,0,0,0,0,0,0,0,0,0,0,0,0,0,0,0,0,0,0
PJM_NJLand,natural_gas_fired_combined_cycle,1,84,9,trans,0.93,1,0,0,0,0,0,0,0,0,1,0,0,0,2244.81,3,2244.801,0,748.27,0,0,0,0,0,0,11680,0,0,0,3.4,0,0,87,2,8.33,1.071,1.204,middle_atlantic_naturalgas,0.411,0,1,1,1,0,0,0,0.64,0.64,6,6,0,0,0,0,0,0,0,0,0,0,0,0,0,0,0,0,0,0,0,0,0,0
PJM_NJLand,natural_gas_fired_combined_cycle,2,85,9,trans,0.93,1,0,0,0,0,0,0,0,0,1,0,0,0,623.92,4,623.9,0,155.98,0,0,0,0,0,0,15620,0,0,0,4.3,0,0,87,2,8.71,2.302,2.364,middle_atlantic_naturalgas,0.553,0,1,1,1,0,0,0,0.64,0.64,6,6,0,0,0,0,0,0,0,0,0,0,0,0,0,0,0,0,0,0,0,0,0,0
PJM_NJLand,natural_gas_fired_combined_cycle,3,86,9,trans,0.93,1,0,0,0,0,0,0,0,0,1,0,0,0,332,1,332,0,332,0,0,0,0,0,0,15620,0,0,0,4.3,0,0,87,2,8.7,0,0,middle_atlantic_naturalgas,0.617,0,1,1,1,0,0,0,0.64,0.64,6,6,0,0,0,0,0,0,0,0,0,0,0,0,0,0,0,0,0,0,0,0,0,0
PJM_NJLand,natural_gas_fired_combined_cycle,4,87,9,trans,0.93,1,0,0,0,0,0,0,0,0,1,0,0,0,2879.8,7,2879.8,0,411.4,0,0,0,0,0,0,9270,0,0,0,3.4,0,0,87,2,6.61,0.383,0.664,middle_atlantic_naturalgas,0.309,0,1,1,1,0,0,0,0.64,0.64,6,6,0,0,0,0,0,0,0,0,0,0,0,0,0,0,0,0,0,0,0,0,0,0
PJM_NJLand,natural_gas_fired_combustion_turbine,1,88,9,trans,0.93,1,0,0,0,0,0,0,0,0,1,0,0,0,280,4,280,0,70,0,0,0,0,0,0,8832,0,0,0,10.8,0,0,113,3.5,33.64,0,0,middle_atlantic_naturalgas,0.714,0,1,1,1,0,0,0,3.78,3.78,1,1,0,0,0,0,0,0,0,0,0,0,0,0,0,0,0,0,0,0,0,0,0,0
PJM_NJLand,natural_gas_fired_combustion_turbine,2,89,9,trans,0.93,1,0,0,0,0,0,0,0,0,1,0,0,0,336.2,4,336.2,0,84.05,0,0,0,0,0,0,7162,0,0,0,10.8,0,0,113,3.5,12.97,0,0,middle_atlantic_naturalgas,1,0,1,1,1,0,0,0,3.78,3.78,1,1,0,0,0,0,0,0,0,0,0,0,0,0,0,0,0,0,0,0,0,0,0,0
PJM_NJLand,natural_gas_fired_combustion_turbine,3,90,9,trans,0.93,1,0,0,0,0,0,0,0,0,1,0,0,0,4.4,1,4.4,0,4.4,0,0,0,0,0,0,11182,0,0,0,10.8,0,0,113,3.5,13.52,0,0,middle_atlantic_naturalgas,0.545,0,1,1,1,0,0,0,3.78,3.78,1,1,0,0,0,0,0,0,0,0,0,0,0,0,0,0,0,0,0,0,0,0,0,0
PJM_NJLand,natural_gas_fired_combustion_turbine,4,91,9,trans,0.93,1,0,0,0,0,0,0,0,0,1,0,0,0,81,1,81,0,81,0,0,0,0,0,0,11182,0,0,0,10.8,0,0,113,3.5,17.39,0,0,middle_atlantic_naturalgas,1,0,1,1,1,0,0,0,3.78,3.78,1,1,0,0,0,0,0,0,0,0,0,0,0,0,0,0,0,0,0,0,0,0,0,0
PJM_NJLand,solar_photovoltaic,1,92,9,trans,0.8,0,1,0,0,0,0,0,0,0,0,0,0,0,377,94,240.64,0,1,0,0,0,0,0,0,17943,0,0,0,0,0,0,0,0,9.12,0.001,0.013,None,0,0,1,1,1,0,0,0,1,1,0,0,0,0,0,0,0,0,0,0,0,0,0,0,0,0,0,0,1,1,0,0,0,0
PJM_PECO,biomass,1,93,10,trans,0.93,0,0,1,0,0,0,0,0,0,1,0,0,0,3.18,6,8.1,-1,0.53,0,0,0,0,0,0,111708,0,0,0,3.769,0,0,0,0,9.24,0.183,0.126,None,0.494,0,1,1,1,0,0,0,1,1,0,0,0,0,0,0,0,0,0,0,0,0,0,0,0,0,0,0,1,1,0,0,0,0
PJM_PECO,biomass,2,94,10,trans,0.93,0,0,1,0,0,0,0,0,0,1,0,0,0,0.63,1,1.6,-1,0.63,0,0,0,0,0,0,111708,0,0,0,4.3,0,0,0,0,10.5,0,0,None,0.5,0,1,1,1,0,0,0,1,1,0,0,0,0,0,0,0,0,0,0,0,0,0,0,0,0,0,0,1,1,0,0,0,0
PJM_PECO,natural_gas_fired_combined_cycle,1,95,10,trans,0.93,1,0,0,0,0,0,0,0,0,1,0,0,0,2759.7,5,2759.7,0,551.94,0,0,0,0,0,0,10472.815,0,0,0,3.405,0,0,87,2,7.27,0.13,0.409,middle_atlantic_naturalgas,0.474,0,1,1,1,0,0,0,0.64,0.64,6,6,0,0,0,0,0,0,0,0,0,0,0,0,0,0,0,0,0,0,0,0,0,0
PJM_PECO,natural_gas_fired_combustion_turbine,1,96,10,trans,0.93,1,0,0,0,0,0,0,0,0,1,0,0,0,127,1,127,0,127,0,0,0,0,0,0,8832,0,0,0,10.8,0,0,113,3.5,12.1,0,0,middle_atlantic_naturalgas,0.409,0,1,1,1,0,0,0,3.78,3.78,1,1,0,0,0,0,0,0,0,0,0,0,0,0,0,0,0,0,0,0,0,0,0,0
PJM_PECO,natural_gas_steam_turbine,1,97,10,trans,0.93,1,0,0,0,0,0,0,0,0,1,0,0,0,56.6,1,56.6,0,56.6,0,0,0,0,0,0,48590,0,0,0,1,0,0,83,13.7,22.09,0,0,middle_atlantic_naturalgas,0.106,0,1,1,1,0,0,0,0.64,0.64,6,6,0,0,0,0,0,0,0,0,0,0,0,0,0,0,0,0,0,0,0,0,0,0
PJM_PECO,nuclear,1,98,10,trans,0.93,1,0,0,0,0,0,0,0,0,1,0,0,0,2386,2,2386,0,1193,0,0,0,0,0,0,100888,0,0,0,2.3,0,0,235,0,10.46,0,0,middle_atlantic_uranium,0.5,0,1,1,1,0,0,0,0.25,0.25,24,24,0,0,0,0,0,0,0,0,0,0,0,0,0,0,0,0,0,1,0,0,0,0
PJM_PECO,solar_photovoltaic,1,99,10,trans,0.8,0,1,0,0,0,0,0,0,0,0,0,0,0,187.1,8,11.704,0,1,0,0,0,0,0,0,17943,0,0,0,0,0,0,0,0,9.12,0.001,0.001,None,0,0,1,1,1,0,0,0,1,1,0,0,0,0,0,0,0,0,0,0,0,0,0,0,0,0,0,0,1,1,0,0,0,0
PJM_SMAC,conventional_steam_coal,1,100,11,trans,0.93,1,0,0,0,0,0,0,0,0,1,0,0,0,3455.97,7,3455.998,0,493.71,0,0,0,0,0,0,58497.971,0,0,0,1.8,0,0,117,13.7,11.1,0.575,0.581,south_atlantic_coal,0.382,0,1,1,1,0,0,0,0.57,0.57,24,24,0,0,0,0,0,0,0,0,0,0,0,0,0,0,0,0,0,0,0,0,0,0
PJM_SMAC,natural_gas_fired_combined_cycle,1,101,11,trans,0.93,1,0,0,0,0,0,0,0,0,1,0,0,0,1501,2,1501,0,750.5,0,0,0,0,0,0,9270,0,0,0,3.4,0,0,87,2,7.27,0.212,0.299,south_atlantic_naturalgas,0,0,1,1,1,0,0,0,0.64,0.64,6,6,0,0,0,0,0,0,0,0,0,0,0,0,0,0,0,0,0,0,0,0,0,0
PJM_SMAC,natural_gas_fired_combined_cycle,2,102,11,trans,0.93,1,0,0,0,0,0,0,0,0,1,0,0,0,4.5,1,4.5,0,4.5,0,0,0,0,0,0,15620,0,0,0,4.3,0,0,87,2,12.01,0,0,south_atlantic_naturalgas,0.111,0,1,1,1,0,0,0,0.64,0.64,6,6,0,0,0,0,0,0,0,0,0,0,0,0,0,0,0,0,0,0,0,0,0,0
PJM_SMAC,natural_gas_fired_combined_cycle,3,103,11,trans,0.93,1,0,0,0,0,0,0,0,0,1,0,0,0,230,1,230,0,230,0,0,0,0,0,0,15620,0,0,0,4.3,0,0,87,2,8.46,0,0,south_atlantic_naturalgas,0.574,0,1,1,1,0,0,0,0.64,0.64,6,6,0,0,0,0,0,0,0,0,0,0,0,0,0,0,0,0,0,0,0,0,0,0
PJM_SMAC,natural_gas_fired_combined_cycle,4,104,11,trans,0.93,1,0,0,0,0,0,0,0,0,1,0,0,0,20,1,20,0,20,0,0,0,0,0,0,15620,0,0,0,4.3,0,0,87,2,13.64,0,0,south_atlantic_naturalgas,0.075,0,1,1,1,0,0,0,0.64,0.64,6,6,0,0,0,0,0,0,0,0,0,0,0,0,0,0,0,0,0,0,0,0,0,0
PJM_SMAC,natural_gas_fired_combustion_turbine,1,105,11,trans,0.93,1,0,0,0,0,0,0,0,0,1,0,0,0,398,4,398,0,99.5,0,0,0,0,0,0,7162,0,0,0,10.8,0,0,113,3.5,51.34,0,0,south_atlantic_naturalgas,0.492,0,1,1,1,0,0,0,3.78,3.78,1,1,0,0,0,0,0,0,0,0,0,0,0,0,0,0,0,0,0,0,0,0,0,0
PJM_SMAC,natural_gas_fired_combustion_turbine,2,106,11,trans,0.93,1,0,0,0,0,0,0,0,0,1,0,0,0,18.4,4,18.4,0,4.6,0,0,0,0,0,0,11182,0,0,0,10.8,0,0,113,3.5,12.01,0,0,south_atlantic_naturalgas,0.109,0,1,1,1,0,0,0,3.78,3.78,1,1,0,0,0,0,0,0,0,0,0,0,0,0,0,0,0,0,0,0,0,0,0,0
PJM_SMAC,natural_gas_fired_combustion_turbine,3,107,11,trans,0.93,1,0,0,0,0,0,0,0,0,1,0,0,0,334,2,334,0,167,0,0,0,0,0,0,7162,0,0,0,10.8,0,0,113,3.5,11.93,0,0,south_atlantic_naturalgas,0.24,0,1,1,1,0,0,0,3.78,3.78,1,1,0,0,0,0,0,0,0,0,0,0,0,0,0,0,0,0,0,0,0,0,0,0
PJM_SMAC,natural_gas_fired_combustion_turbine,4,108,11,trans,0.93,1,0,0,0,0,0,0,0,0,1,0,0,0,10,2,10,0,5,0,0,0,0,0,0,11182,0,0,0,10.8,0,0,113,3.5,31.4,0,0,south_atlantic_naturalgas,0.6,0,1,1,1,0,0,0,3.78,3.78,1,1,0,0,0,0,0,0,0,0,0,0,0,0,0,0,0,0,0,0,0,0,0,0
PJM_SMAC,natural_gas_fired_combustion_turbine,5,109,11,trans,0.93,1,0,0,0,0,0,0,0,0,1,0,0,0,21.6,2,21.6,0,10.8,0,0,0,0,0,0,11182,0,0,0,10.8,0,0,113,3.5,3.92,0,0,south_atlantic_naturalgas,0.556,0,1,1,1,0,0,0,3.78,3.78,1,1,0,0,0,0,0,0,0,0,0,0,0,0,0,0,0,0,0,0,0,0,0,0
PJM_SMAC,natural_gas_fired_combustion_turbine,6,110,11,trans,0.93,1,0,0,0,0,0,0,0,0,1,0,0,0,28.4,1,28.4,0,28.4,0,0,0,0,0,0,11182,0,0,0,10.8,0,0,113,3.5,6.22,0,0,south_atlantic_naturalgas,0.528,0,1,1,1,0,0,0,3.78,3.78,1,1,0,0,0,0,0,0,0,0,0,0,0,0,0,0,0,0,0,0,0,0,0,0
PJM_SMAC,nuclear,1,111,11,trans,0.93,1,0,0,0,0,0,0,0,0,1,0,0,0,1768,2,1768,0,884,0,0,0,0,0,0,100888,0,0,0,2.3,0,0,235,0,10.46,0,0,south_atlantic_uranium,0.5,0,1,1,1,0,0,0,0.25,0.25,24,24,0,0,0,0,0,0,0,0,0,0,0,0,0,0,0,0,0,1,0,0,0,0
PJM_SMAC,solar_photovoltaic,1,112,11,trans,0.8,0,1,0,0,0,0,0,0,0,0,0,0,0,147.7,12,29.004,0,1,0,0,0,0,0,0,17943,0,0,0,0,0,0,0,0,9.13,0,0.027,None,0,0,1,1,1,0,0,0,1,1,0,0,0,0,0,0,0,0,0,0,0,0,0,0,0,0,0,0,1,1,0,0,0,0
PJM_WEST,biomass,1,113,12,trans,0.93,0,0,1,0,0,0,0,0,0,1,0,0,0,42.72,178,148.274,-1,0.24,0,0,0,0,0,0,111708,0,0,0,5.103,0,0,0,0,12.38,1.032,2.792,None,0.447,0,1,1,1,0,0,0,1,1,0,0,0,0,0,0,0,0,0,0,0,0,0,0,0,0,0,0,1,1,0,0,0,0
PJM_WEST,conventional_hydroelectric,1,114,12,trans,0,0,0,0,0,0,0,0,0,1,0,0,0,0,1168.92,51,1168.818,-1,1,0,0,0,0,0,0,44560,0,0,0,0,0,0,0,0,9.12,0,0.038,None,0,0,1,1,1,0,0,0,0.083,0.083,0,0,0,0,0,0,0,0,0,0,0,0,0,0,0,0.5,0,0,0,1,0,0,0,0
PJM_WEST,conventional_steam_coal,1,115,12,trans,0.93,1,0,0,0,0,0,0,0,0,1,0,0,0,31558,62,31558,0,509,0,0,0,0,0,0,58361.25,0,0,0,1.8,0,0,117,13.7,10.42,1.047,3.229,east_north_central_coal,0.452,0,1,1,1,0,0,0,0.57,0.57,24,24,0,0,0,0,0,0,0,0,0,0,0,0,0,0,0,0,0,0,0,0,0,0
PJM_WEST,hydroelectric_pumped_storage,1,116,12,trans,0,0,0,0,1,0,0,0,0,0,0,0,0,0,237.99,3,237.999,0,1,0,0,0,0,0,0,38460,0,0,0,0,0,0,0,0,0,0,0,None,0.987,0,0.866,0.866,0.0063,0,0,0,1,1,0,0,0,0,0,0,0,0,0,0,0,0,0,0,0,0,0,0,0,0,0,0,0,0
PJM_WEST,natural_gas_fired_combined_cycle,1,117,12,trans,0.93,1,0,0,0,0,0,0,0,0,1,0,0,0,1314.4,4,1314.4,0,328.6,0,0,0,0,0,0,10709.668,0,0,0,3.604,0,0,87,2,14.37,5.144,3.284,east_north_central_naturalgas,0.461,0,1,1,1,0,0,0,0.64,0.64,6,6,0,0,0,0,0,0,0,0,0,0,0,0,0,0,0,0,0,0,0,0,0,0
PJM_WEST,natural_gas_fired_combined_cycle,2,118,12,trans,0.93,1,0,0,0,0,0,0,0,0,1,0,0,0,15873.48,36,15873.408,0,440.93,0,0,0,0,0,0,10620.434,0,0,0,3.4,0,0,87,2,6.76,0.677,0.341,east_north_central_naturalgas,0.364,0,1,1,1,0,0,0,0.64,0.64,6,6,0,0,0,0,0,0,0,0,0,0,0,0,0,0,0,0,0,0,0,0,0,0
PJM_WEST,natural_gas_fired_combustion_turbine,1,119,12,trans,0.93,1,0,0,0,0,0,0,0,0,1,0,0,0,11764.48,91,11764.844,0,129.28,0,0,0,0,0,0,7162,0,0,0,10.8,0,0,113,3.5,12.18,1.827,1.767,east_north_central_naturalgas,0.472,0,1,1,1,0,0,0,3.78,3.78,1,1,0,0,0,0,0,0,0,0,0,0,0,0,0,0,0,0,0,0,0,0,0,0
PJM_WEST,natural_gas_fired_combustion_turbine,2,120,12,trans,0.93,1,0,0,0,0,0,0,0,0,1,0,0,0,683.25,25,683.2,0,27.33,0,0,0,0,0,0,11182,0,0,0,10.8,0,0,113,3.5,13.24,3.685,3.813,east_north_central_naturalgas,0.367,0,1,1,1,0,0,0,3.78,3.78,1,1,0,0,0,0,0,0,0,0,0,0,0,0,0,0,0,0,0,0,0,0,0,0
PJM_WEST,natural_gas_fired_combustion_turbine,3,121,12,trans,0.93,1,0,0,0,0,0,0,0,0,1,0,0,0,33,1,33,0,33,0,0,0,0,0,0,11182,0,0,0,10.8,0,0,113,3.5,16.84,0,0,east_north_central_naturalgas,0.758,0,1,1,1,0,0,0,3.78,3.78,1,1,0,0,0,0,0,0,0,0,0,0,0,0,0,0,0,0,0,0,0,0,0,0
PJM_WEST,natural_gas_fired_combustion_turbine,4,122,12,trans,0.93,1,0,0,0,0,0,0,0,0,1,0,0,0,1144.08,24,1144.008,0,47.67,0,0,0,0,0,0,8832,0,0,0,10.8,0,0,113,3.5,11.78,5.751,2.804,east_north_central_naturalgas,0.489,0,1,1,1,0,0,0,3.78,3.78,1,1,0,0,0,0,0,0,0,0,0,0,0,0,0,0,0,0,0,0,0,0,0,0
PJM_WEST,natural_gas_fired_combustion_turbine,5,123,12,trans,0.93,1,0,0,0,0,0,0,0,0,1,0,0,0,99.42,6,99.402,0,16.57,0,0,0,0,0,0,11182,0,0,0,10.8,0,0,113,3.5,2.09,7.301,4.647,east_north_central_naturalgas,0.576,0,1,1,1,0,0,0,3.78,3.78,1,1,0,0,0,0,0,0,0,0,0,0,0,0,0,0,0,0,0,0,0,0,0,0
PJM_WEST,natural_gas_fired_combustion_turbine,6,124,12,trans,0.93,1,0,0,0,0,0,0,0,0,1,0,0,0,636.48,8,636.496,0,79.56,0,0,0,0,0,0,7501.772,0,0,0,10.8,0,0,113,3.5,27.31,0.542,1.004,east_north_central_naturalgas,0.437,0,1,1,1,0,0,0,3.78,3.78,1,1,0,0,0,0,0,0,0,0,0,0,0,0,0,0,0,0,0,0,0,0,0,0
PJM_WEST,nuclear,1,125,12,trans,0.93,1,0,0,0,0,0,0,0,0,1,0,0,0,3546,3,3546,0,1182,0,0,0,0,0,0,100888,0,0,0,2.3,0,0,235,0,10.46,0,0,east_north_central_uranium,0.5,0,1,1,1,0,0,0,0.25,0.25,24,24,0,0,0,0,0,0,0,0,0,0,0,0,0,0,0,0,0,1,0,0,0,0
PJM_WEST,onshore_wind_turbine,1,126,12,trans,0.8,0,1,0,0,0,0,0,0,0,0,0,0,0,2652.1,46,2232.012,0,1,0,0,0,0,0,0,43205,0,0,0,0,0,0,0,0,9.13,0,0.037,None,0,0,1,1,1,0,0,0,1,1,0,0,0,0,0,0,0,0,0,0,0,0,0,0,0,0,0,0,1,1,0,0,0,0
PJM_WEST,small_hydroelectric,1,127,12,trans,0,0,0,1,0,0,0,0,0,0,0,0,0,0,91.08,138,239.292,-1,1,0,0,0,0,0,0,44560,0,0,0,0,0,0,0,0,9.12,0,0.001,None,0,0,1,1,1,0,0,0,1,1,0,0,0,0,0,0,0,0,0,0,0,0,0,0,0,0,0,0,1,1,0,0,0,0
PJM_WEST,solar_photovoltaic,1,128,12,trans,0.8,0,1,0,0,0,0,0,0,0,0,0,0,0,130.4,41,463.095,0,1,0,0,0,0,0,0,17943,0,0,0,0,0,0,0,0,9.18,0.001,0.033,None,0,0,1,1,1,0,0,0,1,1,0,0,0,0,0,0,0,0,0,0,0,0,0,0,0,0,0,0,1,1,0,0,0,0
PJM_WestMAC,conventional_hydroelectric,1,129,13,trans,0,0,0,0,0,0,0,0,0,1,0,0,0,0,743.82,33,743.688,-1,1,0,0,0,0,0,0,44560,0,0,0,0,0,0,0,0,9.12,0,0,None,0,0,1,1,1,0,0,0,0.083,0.083,0,0,0,0,0,0,0,0,0,0,0,0,0,0,0,0.5,0,0,0,1,0,0,0,0
PJM_WestMAC,conventional_steam_coal,1,130,13,trans,0.93,1,0,0,0,0,0,0,0,0,1,0,0,0,206,4,206,0,51.5,0,0,0,0,0,0,69935.049,0,0,0,1.8,0,0,117,13.7,15.98,0.32,0.335,middle_atlantic_coal,0.65,0,1,1,1,0,0,0,0.57,0.57,24,24,0,0,0,0,0,0,0,0,0,0,0,0,0,0,0,0,0,0,0,0,0,0
PJM_WestMAC,conventional_steam_coal,2,131,13,trans,0.93,1,0,0,0,0,0,0,0,0,1,0,0,0,7370.1,10,7370.1,0,737.01,0,0,0,0,0,0,56743.303,0,0,0,1.8,0,0,117,13.7,10.34,1.337,1.031,middle_atlantic_coal,0.425,0,1,1,1,0,0,0,0.57,0.57,24,24,0,0,0,0,0,0,0,0,0,0,0,0,0,0,0,0,0,0,0,0,0,0
PJM_WestMAC,conventional_steam_coal,3,132,13,trans,0.93,1,0,0,0,0,0,0,0,0,1,0,0,0,33.1,1,33.1,0,33.1,0,0,0,0,0,0,70006,0,0,0,1.8,0,0,117,13.7,26.14,0,0,middle_atlantic_coal,0.272,0,1,1,1,0,0,0,0.57,0.57,24,24,0,0,0,0,0,0,0,0,0,0,0,0,0,0,0,0,0,0,0,0,0,0
PJM_WestMAC,conventional_steam_coal,4,133,13,trans,0.93,1,0,0,0,0,0,0,0,0,1,0,0,0,678.7,5,678.7,0,135.74,0,0,0,0,0,0,71429.742,0,0,0,1.8,0,0,117,13.7,12.9,0.694,0.922,middle_atlantic_coal,0.526,0,1,1,1,0,0,0,0.57,0.57,24,24,0,0,0,0,0,0,0,0,0,0,0,0,0,0,0,0,0,0,0,0,0,0
PJM_WestMAC,hydroelectric_pumped_storage,1,134,13,trans,0,0,0,0,1,0,0,0,0,0,0,0,0,0,513,3,513,0,1,0,0,0,0,0,0,38460,0,0,0,0,0,0,0,0,0,0,0,None,0.363,0,0.866,0.866,0.0063,0,0,0,1,1,0,0,0,0,0,0,0,0,0,0,0,0,0,0,0,0,0,0,0,0,0,0,0,0
PJM_WestMAC,natural_gas_fired_combined_cycle,1,135,13,trans,0.93,1,0,0,0,0,0,0,0,0,1,0,0,0,11612.24,23,11612.309,0,504.88,0,0,0,0,0,0,10808.968,0,0,0,3.414,0,0,87,2,7.1,1.305,2.339,middle_atlantic_naturalgas,0.541,0,1,1,1,0,0,0,0.64,0.64,6,6,0,0,0,0,0,0,0,0,0,0,0,0,0,0,0,0,0,0,0,0,0,0
PJM_WestMAC,natural_gas_fired_combustion_turbine,1,136,13,trans,0.93,1,0,0,0,0,0,0,0,0,1,0,0,0,797.05,19,796.993,0,41.95,0,0,0,0,0,0,9585.651,0,0,0,10.8,0,0,113,3.5,11.83,1.321,3.422,middle_atlantic_naturalgas,0.424,0,1,1,1,0,0,0,3.78,3.78,1,1,0,0,0,0,0,0,0,0,0,0,0,0,0,0,0,0,0,0,0,0,0,0
PJM_WestMAC,natural_gas_steam_turbine,1,137,13,trans,0.93,1,0,0,0,0,0,0,0,0,1,0,0,0,1.6,1,1.6,0,1.6,0,0,0,0,0,0,48590,0,0,0,1,0,0,83,13.7,5.99,0,0,middle_atlantic_naturalgas,0.125,0,1,1,1,0,0,0,0.64,0.64,6,6,0,0,0,0,0,0,0,0,0,0,0,0,0,0,0,0,0,0,0,0,0,0
PJM_WestMAC,nuclear,1,138,13,trans,0.93,1,0,0,0,0,0,0,0,0,1,0,0,0,2620,2,2620,0,1310,0,0,0,0,0,0,100888,0,0,0,2.3,0,0,235,0,10.46,0,0,middle_atlantic_uranium,0.5,0,1,1,1,0,0,0,0.25,0.25,24,24,0,0,0,0,0,0,0,0,0,0,0,0,0,0,0,0,0,1,0,0,0,0
PJM_WestMAC,onshore_wind_turbine,1,139,13,trans,0.8,0,1,0,0,0,0,0,0,0,0,0,0,0,357.3,8,578.696,0,1,0,0,0,0,0,0,43205,0,0,0,0,0,0,0,0,9.12,0,0,None,0,0,1,1,1,0,0,0,1,1,0,0,0,0,0,0,0,0,0,0,0,0,0,0,0,0,0,0,1,1,0,0,0,0
PJM_WestMAC,small_hydroelectric,1,140,13,trans,0,0,0,1,0,0,0,0,0,0,0,0,0,0,62.4,20,127.6,-1,1,0,0,0,0,0,0,44560,0,0,0,0,0,0,0,0,9.12,0,0,None,0,0,1,1,1,0,0,0,1,1,0,0,0,0,0,0,0,0,0,0,0,0,0,0,0,0,0,0,1,1,0,0,0,0
PJM_WestMAC,solar_photovoltaic,1,141,13,trans,0.8,0,1,0,0,0,0,0,0,0,0,0,0,0,142.8,14,26.894,0,1,0,0,0,0,0,0,17943,0,0,0,0,0,0,0,0,9.16,0.001,0.32,None,0,0,1,1,1,0,0,0,1,1,0,0,0,0,0,0,0,0,0,0,0,0,0,0,0,0,0,0,1,1,0,0,0,0
SC_TVA,conventional_hydroelectric,1,142,14,trans,0,0,0,0,0,0,0,0,0,1,0,0,0,0,4512.42,129,4512.936,-1,1,0,0,0,0,0,0,44560,0,0,0,0,0,0,0,0,9.12,0,0,None,0,0,1,1,1,0,0,0,0.083,0.083,0,0,0,0,0,0,0,0,0,0,0,0,0,0,0,0.5,0,0,0,0,0,0,0,0
SC_TVA,conventional_steam_coal,1,143,14,trans,0,1,0,0,0,0,0,0,0,0,0,0,0,0,7613.91,31,7614.003,0,245.61,0,0,0,0,0,0,60709.381,0,0,0,1.8,0,0,117,13.7,10.93,0.415,0.703,south_atlantic_coal,0.453,0,1,1,1,0,0,0,0.57,0.57,24,24,0,0,0,0,0,0,0,0,0,0,0,0,0,0,0,0,0,0,0,0,0,0
SC_TVA,hydroelectric_pumped_storage,1,144,14,trans,0,0,0,0,1,0,0,0,0,0,0,0,0,0,1683.8,5,1683.8,0,1,0,0,0,0,0,0,38460,0,0,0,0,0,0,0,0,0,0,0,None,0.592,0,0.866,0.866,0.0063,0,0,0,1,1,0,0,0,0,0,0,0,0,0,0,0,0,0,0,0,0,0,0,0,0,0,0,0,0
SC_TVA,natural_gas_fired_combined_cycle,1,145,14,trans,0,1,0,0,0,0,0,0,0,0,0,0,0,0,10741.6,20,10741.6,0,537.08,0,0,0,0,0,0,9780.22,0,0,0,3.4,0,0,87,2,6.92,0.198,0.635,south_atlantic_naturalgas,0.369,0,1,1,1,0,0,0,0.64,0.64,6,6,0,0,0,0,0,0,0,0,0,0,0,0,0,0,0,0,0,0,0,0,0,0
SC_TVA,natural_gas_fired_combustion_turbine,1,146,14,trans,0,1,0,0,0,0,0,0,0,0,0,0,0,0,1372,20,1372,0,68.6,0,0,0,0,0,0,7162,0,0,0,10.8,0,0,113,3.5,25.78,0,0,south_atlantic_naturalgas,0.455,0,1,1,1,0,0,0,3.78,3.78,1,1,0,0,0,0,0,0,0,0,0,0,0,0,0,0,0,0,0,0,0,0,0,0
SC_TVA,natural_gas_fired_combustion_turbine,2,147,14,trans,0,1,0,0,0,0,0,0,0,0,0,0,0,0,254,5,254,0,50.8,0,0,0,0,0,0,8832,0,0,0,10.8,0,0,113,3.5,13.56,0,0,south_atlantic_naturalgas,0.22,0,1,1,1,0,0,0,3.78,3.78,1,1,0,0,0,0,0,0,0,0,0,0,0,0,0,0,0,0,0,0,0,0,0,0
SC_TVA,natural_gas_fired_combustion_turbine,3,148,14,trans,0,1,0,0,0,0,0,0,0,0,0,0,0,0,575.2,20,575.2,0,28.76,0,0,0,0,0,0,7162,0,0,0,10.8,0,0,113,3.5,16.84,0,0,south_atlantic_naturalgas,0.209,0,1,1,1,0,0,0,3.78,3.78,1,1,0,0,0,0,0,0,0,0,0,0,0,0,0,0,0,0,0,0,0,0,0,0
SC_TVA,natural_gas_fired_combustion_turbine,4,149,14,trans,0,1,0,0,0,0,0,0,0,0,0,0,0,0,28.5,1,28.5,0,28.5,0,0,0,0,0,0,11182,0,0,0,10.8,0,0,113,3.5,4.1,0,0,south_atlantic_naturalgas,0.105,0,1,1,1,0,0,0,3.78,3.78,1,1,0,0,0,0,0,0,0,0,0,0,0,0,0,0,0,0,0,0,0,0,0,0
SC_TVA,natural_gas_fired_combustion_turbine,5,150,14,trans,0,1,0,0,0,0,0,0,0,0,0,0,0,0,3843.84,39,3843.996,0,98.56,0,0,0,0,0,0,7162,0,0,0,10.8,0,0,113,3.5,11.64,0.415,0.337,south_atlantic_naturalgas,0.55,0,1,1,1,0,0,0,3.78,3.78,1,1,0,0,0,0,0,0,0,0,0,0,0,0,0,0,0,0,0,0,0,0,0,0
SC_TVA,natural_gas_fired_combustion_turbine,6,151,14,trans,0,1,0,0,0,0,0,0,0,0,0,0,0,0,486.4,8,486.4,0,60.8,0,0,0,0,0,0,7162,0,0,0,10.8,0,0,113,3.5,13.14,0,0,south_atlantic_naturalgas,0.164,0,1,1,1,0,0,0,3.78,3.78,1,1,0,0,0,0,0,0,0,0,0,0,0,0,0,0,0,0,0,0,0,0,0,0
SC_TVA,nuclear,1,152,14,trans,0,1,0,0,0,0,0,0,0,0,0,0,0,0,8386.63,7,8386.602,0,1198.09,0,0,0,0,0,0,100888,0,0,0,2.3,0,0,235,0,10.46,0.004,0.004,south_atlantic_uranium,0.5,0,1,1,1,0,0,0,0.25,0.25,24,24,0,0,0,0,0,0,0,0,0,0,0,0,0,0,0,0,0,0,0,0,0,0
SC_TVA,small_hydroelectric,1,153,14,trans,0,0,0,1,0,0,0,0,0,0,0,0,0,0,51.12,18,164.196,-1,1,0,0,0,0,0,0,44560,0,0,0,0,0,0,0,0,9.12,0,0,None,0,0,1,1,1,0,0,0,1,1,0,0,0,0,0,0,0,0,0,0,0,0,0,0,0,0,0,0,0,0,0,0,0,1
SC_TVA,solar_photovoltaic,1,154,14,trans,0,0,1,0,0,0,0,0,0,0,0,0,0,0,274.9,16,170.304,0,1,0,0,0,0,0,0,17943,0,0,0,0,0,0,0,0,9.12,0,0.023,None,0,0,1,1,1,0,0,0,1,1,0,0,0,0,0,0,0,0,0,0,0,0,0,0,0,0,0,0,0,0,0,0,0,1
SC_VACA,biomass,1,155,15,trans,0,0,0,1,0,0,0,0,0,0,0,0,0,0,54,108,217.512,-1,0.5,0,0,0,0,0,0,111708,0,0,0,5.785,0,0,0,0,14.07,1.257,2.907,None,0.402,0,1,1,1,0,0,0,1,1,0,0,0,0,0,0,0,0,0,0,0,0,0,0,0,0,0,0,0,0,0,0,0,1
SC_VACA,conventional_hydroelectric,1,156,15,trans,0,0,0,0,0,0,0,0,0,1,0,0,0,0,2113.02,78,2113.176,-1,1,0,0,0,0,0,0,44560,0,0,0,0,0,0,0,0,9.12,0,0,None,0,0,1,1,1,0,0,0,0.083,0.083,0,0,0,0,0,0,0,0,0,0,0,0,0,0,0,0.5,0,0,0,0,0,0,0,0
SC_VACA,conventional_steam_coal,1,157,15,trans,0,1,0,0,0,0,0,0,0,0,0,0,0,0,14661,27,14661,0,543,0,0,0,0,0,0,59640.469,0,0,0,1.8,0,0,117,13.7,10.18,1.135,0.932,south_atlantic_coal,0.338,0,1,1,1,0,0,0,0.57,0.57,24,24,0,0,0,0,0,0,0,0,0,0,0,0,0,0,0,0,0,0,0,0,0,0
SC_VACA,hydroelectric_pumped_storage,1,158,15,trans,0,0,0,0,1,0,0,0,0,0,0,0,0,0,2716,16,2716,0,1,0,0,0,0,0,0,38460,0,0,0,0,0,0,0,0,0,0,0,None,0.744,0,0.866,0.866,0.0063,0,0,0,1,1,0,0,0,0,0,0,0,0,0,0,0,0,0,0,0,0,0,0,0,0,0,0,0,0
SC_VACA,natural_gas_fired_combined_cycle,1,159,15,trans,0,1,0,0,0,0,0,0,0,0,0,0,0,0,10217.55,21,10217.592,0,486.55,0,0,0,0,0,0,10387.343,0,0,0,3.462,0,0,87,2,7.27,0.968,1.35,south_atlantic_naturalgas,0.42,0,1,1,1,0,0,0,0.64,0.64,6,6,0,0,0,0,0,0,0,0,0,0,0,0,0,0,0,0,0,0,0,0,0,0
SC_VACA,natural_gas_fired_combustion_turbine,1,160,15,trans,0,1,0,0,0,0,0,0,0,0,0,0,0,0,9606.75,75,9606.975,0,128.09,0,0,0,0,0,0,7162,0,0,0,10.8,0,0,113,3.5,12.02,2.317,1.991,south_atlantic_naturalgas,0.554,0,1,1,1,0,0,0,3.78,3.78,1,1,0,0,0,0,0,0,0,0,0,0,0,0,0,0,0,0,0,0,0,0,0,0
SC_VACA,natural_gas_fired_combustion_turbine,2,161,15,trans,0,1,0,0,0,0,0,0,0,0,0,0,0,0,291.04,8,291,0,36.38,0,0,0,0,0,0,11182,0,0,0,10.8,0,0,113,3.5,9.66,0.44,0.317,south_atlantic_naturalgas,0.495,0,1,1,1,0,0,0,3.78,3.78,1,1,0,0,0,0,0,0,0,0,0,0,0,0,0,0,0,0,0,0,0,0,0,0
SC_VACA,natural_gas_fired_combustion_turbine,3,162,15,trans,0,1,0,0,0,0,0,0,0,0,0,0,0,0,9.6,2,9.6,0,4.8,0,0,0,0,0,0,11182,0,0,0,10.8,0,0,113,3.5,126.31,0,0,south_atlantic_naturalgas,0.104,0,1,1,1,0,0,0,3.78,3.78,1,1,0,0,0,0,0,0,0,0,0,0,0,0,0,0,0,0,0,0,0,0,0,0
SC_VACA,natural_gas_fired_combustion_turbine,4,163,15,trans,0,1,0,0,0,0,0,0,0,0,0,0,0,0,141,3,141,0,47,0,0,0,0,0,0,8832,0,0,0,10.8,0,0,113,3.5,11.99,0,0,south_atlantic_naturalgas,0.319,0,1,1,1,0,0,0,3.78,3.78,1,1,0,0,0,0,0,0,0,0,0,0,0,0,0,0,0,0,0,0,0,0,0,0
SC_VACA,natural_gas_fired_combustion_turbine,5,164,15,trans,0,1,0,0,0,0,0,0,0,0,0,0,0,0,225,12,225,0,18.75,0,0,0,0,0,0,11182,0,0,0,10.8,0,0,113,3.5,17.11,2.786,2.829,south_atlantic_naturalgas,0.087,0,1,1,1,0,0,0,3.78,3.78,1,1,0,0,0,0,0,0,0,0,0,0,0,0,0,0,0,0,0,0,0,0,0,0
SC_VACA,natural_gas_fired_combustion_turbine,6,165,15,trans,0,1,0,0,0,0,0,0,0,0,0,0,0,0,2,1,2,0,2,0,0,0,0,0,0,11182,0,0,0,10.8,0,0,113,3.5,16.84,0,0,south_atlantic_naturalgas,0.25,0,1,1,1,0,0,0,3.78,3.78,1,1,0,0,0,0,0,0,0,0,0,0,0,0,0,0,0,0,0,0,0,0,0,0
SC_VACA,nuclear,1,166,15,trans,0,1,0,0,0,0,0,0,0,0,0,0,0,0,12108.72,12,12108.696,0,1009.06,0,0,0,0,0,0,100888,0,0,0,2.3,0,0,235,0,10.46,0,0.001,south_atlantic_uranium,0.5,0,1,1,1,0,0,0,0.25,0.25,24,24,0,0,0,0,0,0,0,0,0,0,0,0,0,0,0,0,0,0,0,0,0,0
SC_VACA,small_hydroelectric,1,167,15,trans,0,0,0,1,0,0,0,0,0,0,0,0,0,0,72.42,102,259.182,-1,1,0,0,0,0,0,0,44560,0,0,0,0,0,0,0,0,8.7,0,1.779,None,0,0,1,1,1,0,0,0,1,1,0,0,0,0,0,0,0,0,0,0,0,0,0,0,0,0,0,0,0,0,0,0,0,1
SC_VACA,solar_photovoltaic,1,168,15,trans,0,0,1,0,0,0,0,0,0,0,0,0,0,0,4493.1,527,4294.523,0,1,0,0,0,0,0,0,17943,0,0,0,0,0,0,0,0,9.15,0,0.037,None,0,0,1,1,1,0,0,0,1,1,0,0,0,0,0,0,0,0,0,0,0,0,0,0,0,0,0,0,0,0,0,0,0,1
MIS_Central,naturalgas_ccccsavgcf,1,169,1,trans,0,1,0,0,0,0,0,0,0,0,0,0,0,0,0,0,0,1,500,0,-1,0,0,1903501.661,193597.182,33620,0,0,0,7.2,0,0,95,3.5,7.49,0,0,west_north_central_naturalgas_ccs90,0.6,0,1,1,1,0,0,0,0.64,0.64,6,6,0,0,0,0,0,0,0,0,20,78000,5662.182,0,0,0,0,0,0,0,0,0,0,0
MIS_Central,naturalgas_ccavgcf,1,170,1,trans,0,1,0,0,0,0,0,0,0,0,0,0,0,0,0,0,0,1,500,0,-1,0,0,742707.134,88041,10032,0,0,0,2,0,0,95,3.5,6.15,0,0,west_north_central_naturalgas,0.2,0,1,1,1,0,0,0,0.64,0.64,6,6,0,0,0,0,0,0,0,0,0,0,0,0,0,0,0,0,0,0,0,0,0,0
MIS_Central,naturalgas_ctavgcf,1,171,1,trans,0,1,0,0,0,0,0,0,0,0,0,0,0,0,0,0,0,1,100,0,-1,0,0,633144.257,74932,6848,0,0,0,10.8,0,0,123,3.5,8.8,0,0,west_north_central_naturalgas,0.3,0,1,1,1,0,0,0,3.78,3.78,1,1,0,0,0,0,0,0,0,0,0,0,0,0,0,0,0,0,0,0,0,0,0,0
MIS_Central,landbasedwind_ltrg1,MIS_Central_wind_19,172,1,trans,0,0,1,0,0,0,0,0,0,0,0,0,0,0,0,0,0,1,1,0,41158.802,0,0,1187155.679,114158.569,37343,0,0,0,0,0,0,0,0,0,0,0,None,0,0,1,1,1,0,0,0,1,1,0,0,0,0,0,0,0,0,0,0,0,0,6838.569,0,0,0,0,0,0,0,1,0,0,0
MIS_Central,landbasedwind_ltrg1,MIS_Central_wind_20,173,1,trans,0,0,1,0,0,0,0,0,0,0,0,0,0,0,0,0,0,1,1,0,6826.275,0,0,1187155.679,112172.625,37343,0,0,0,0,0,0,0,0,0,0,0,None,0,0,1,1,1,0,0,0,1,1,0,0,0,0,0,0,0,0,0,0,0,0,4852.625,0,0,0,0,0,0,0,1,0,0,0
MIS_Central,landbasedwind_ltrg1,MIS_Central_wind_21,174,1,trans,0,0,1,0,0,0,0,0,0,0,0,0,0,0,0,0,0,1,1,0,23687.891,0,0,1187155.679,115084.613,37343,0,0,0,0,0,0,0,0,0,0,0,None,0,0,1,1,1,0,0,0,1,1,0,0,0,0,0,0,0,0,0,0,0,0,7764.613,0,0,0,0,0,0,0,1,0,0,0
MIS_Central,landbasedwind_ltrg1,MIS_Central_wind_22,175,1,trans,0,0,1,0,0,0,0,0,0,0,0,0,0,0,0,0,0,1,1,0,8014.95,0,0,1187155.679,113626.248,37343,0,0,0,0,0,0,0,0,0,0,0,None,0,0,1,1,1,0,0,0,1,1,0,0,0,0,0,0,0,0,0,0,0,0,6306.248,0,0,0,0,0,0,0,1,0,0,0
MIS_Central,landbasedwind_ltrg1,MIS_Central_wind_23,176,1,trans,0,0,1,0,0,0,0,0,0,0,0,0,0,0,0,0,0,1,1,0,12633.598,0,0,1187155.679,115470.015,37343,0,0,0,0,0,0,0,0,0,0,0,None,0,0,1,1,1,0,0,0,1,1,0,0,0,0,0,0,0,0,0,0,0,0,8150.015,0,0,0,0,0,0,0,1,0,0,0
MIS_Central,landbasedwind_ltrg1,MIS_Central_wind_24,177,1,trans,0,0,1,0,0,0,0,0,0,0,0,0,0,0,0,0,0,1,1,0,9397.35,0,0,1187155.679,114443.402,37343,0,0,0,0,0,0,0,0,0,0,0,None,0,0,1,1,1,0,0,0,1,1,0,0,0,0,0,0,0,0,0,0,0,0,7123.402,0,0,0,0,0,0,0,1,0,0,0
MIS_Central,landbasedwind_ltrg1,MIS_Central_wind_25,178,1,trans,0,0,1,0,0,0,0,0,0,0,0,0,0,0,0,0,0,1,1,0,13249.548,0,0,1187155.679,114965.073,37343,0,0,0,0,0,0,0,0,0,0,0,None,0,0,1,1,1,0,0,0,1,1,0,0,0,0,0,0,0,0,0,0,0,0,7645.073,0,0,0,0,0,0,0,1,0,0,0
MIS_Central,landbasedwind_ltrg1,MIS_Central_wind_26,179,1,trans,0,0,1,0,0,0,0,0,0,0,0,0,0,0,0,0,0,1,1,0,14725.125,0,0,1187155.679,115391.212,37343,0,0,0,0,0,0,0,0,0,0,0,None,0,0,1,1,1,0,0,0,1,1,0,0,0,0,0,0,0,0,0,0,0,0,8071.212,0,0,0,0,0,0,0,1,0,0,0
MIS_Central,utilitypv_losangeles,MIS_Central_solarpv_0,180,1,trans,0,0,1,0,0,0,0,0,0,0,0,0,0,0,0,0,0,1,1,0,111758.745,0,0,529896.5085,54774.40746,12451,0,0,0,0,0,0,0,0,0,0,0,None,0,0,1,1,1,0,0,0,1,1,0,0,0,0,0,0,0,0,0,0,0,0,5614.846,0,0,0,0,0,0,0,1,0,0,0
MIS_Central,battery,1,181,1,trans,0,0,0,0,2,0,0,0,0,0,0,0,0,0,0,0,0,1,1,0,-1,0,0,339600,38685,8490,103700,11812,2592,0,0,0,0,0,0,0,0,None,0,0,0.92,0.92,1,1,10,0,1,1,0,0,0,0,0,0,0,0,0,0,0,0,0,0,0,0,0,0,0,0,0,0,0,0
MIS_Central,nuclear,1,182,1,trans,0,1,0,0,0,0,0,0,0,0,0,0,0,0,0,0,0,0,500,0,-1,0,0,5995730.391,536863.456,100888,0,0,0,2.3,0,0,256,0,10.46,0,0,west_north_central_uranium,0.5,0,1,1,1,0,0,0,0.25,0.25,24,24,0,0,0,0,0,0,0,0,50,195000,14155.456,0,0,0,0,0,0,0,0,0,0,0
MIS_Central,naturalgas_ccs100,1,183,1,trans,0,1,0,0,0,0,0,0,0,0,0,0,0,0,0,0,0,1,500,0,-1,0,0,2019501.661,205050.182,43290,0,0,0,7.7,0,0,95,3.5,7.86,0,0,west_north_central_naturalgas_ccs100,0.6,0,1,1,1,0,0,0,0.64,0.64,6,6,0,0,0,0,0,0,0,0,20,78000,5662.182,0,0,0,0,0,0,0,0,0,0,0
MIS_East,naturalgas_ccccsavgcf,1,184,2,trans,0,1,0,0,0,0,0,0,0,0,0,0,0,0,0,0,0,1,500,0,-1,0,0,1903501.661,196774.551,33620,0,0,0,7.2,0,0,95,3.5,7.49,0,0,west_north_central_naturalgas_ccs90,0.6,0,1,1,1,0,0,0,0.64,0.64,6,6,0,0,0,0,0,0,0,0,20,82000,5952.551,0,0,0,0,0,0,0,0,0,0,0
MIS_East,naturalgas_ccavgcf,1,185,2,trans,0,1,0,0,0,0,0,0,0,0,0,0,0,0,0,0,0,1,500,0,-1,0,0,742707.134,90321,10032,0,0,0,2,0,0,95,3.5,6.15,0,0,west_north_central_naturalgas,0.2,0,1,1,1,0,0,0,0.64,0.64,6,6,0,0,0,0,0,0,0,0,0,0,0,0,0,0,0,0,0,0,0,0,0,0
MIS_East,naturalgas_ctavgcf,1,186,2,trans,0,1,0,0,0,0,0,0,0,0,0,0,0,0,0,0,0,1,100,0,-1,0,0,633144.257,77242,6848,0,0,0,10.8,0,0,123,3.5,8.8,0,0,west_north_central_naturalgas,0.3,0,1,1,1,0,0,0,3.78,3.78,1,1,0,0,0,0,0,0,0,0,0,0,0,0,0,0,0,0,0,0,0,0,0,0
MIS_East,landbasedwind_ltrg1,MIS_East_wind_27,187,2,trans,0,0,1,0,0,0,0,0,0,0,0,0,0,0,0,0,0,1,1,0,5275.795,0,0,1187155.679,137156.256,37343,0,0,0,0,0,0,0,0,0,0,0,None,0,0,1,1,1,0,0,0,1,1,0,0,0,0,0,0,0,0,0,0,0,0,8526.256,0,0,0,0,0,0,0,1,0,0,0
MIS_East,landbasedwind_ltrg1,MIS_East_wind_28,188,2,trans,0,0,1,0,0,0,0,0,0,0,0,0,0,0,0,0,0,1,1,0,8871.638,0,0,1187155.679,137009.873,37343,0,0,0,0,0,0,0,0,0,0,0,None,0,0,1,1,1,0,0,0,1,1,0,0,0,0,0,0,0,0,0,0,0,0,8379.873,0,0,0,0,0,0,0,1,0,0,0
MIS_East,landbasedwind_ltrg1,MIS_East_wind_29,189,2,trans,0,0,1,0,0,0,0,0,0,0,0,0,0,0,0,0,0,1,1,0,8316.344,0,0,1187155.679,142162.267,37343,0,0,0,0,0,0,0,0,0,0,0,None,0,0,1,1,1,0,0,0,1,1,0,0,0,0,0,0,0,0,0,0,0,0,13532.267,0,0,0,0,0,0,0,1,0,0,0
MIS_East,utilitypv_losangeles,MIS_East_solarpv_1,190,2,trans,0,0,1,0,0,0,0,0,0,0,0,0,0,0,0,0,0,1,1,0,16534.808,0,0,529896.5085,53042.64726,12451,0,0,0,0,0,0,0,0,0,0,0,None,0,0,1,1,1,0,0,0,1,1,0,0,0,0,0,0,0,0,0,0,0,0,3779.37,0,0,0,0,0,0,0,1,0,0,0
MIS_East,battery,1,191,2,trans,0,0,0,0,2,0,0,0,0,0,0,0,0,0,0,0,0,1,1,0,-1,0,0,339600,37468,8490,103700,11441,2592,0,0,0,0,0,0,0,0,None,0,0,0.92,0.92,1,1,10,0,1,1,0,0,0,0,0,0,0,0,0,0,0,0,0,0,0,0,0,0,0,0,0,0,0,0
MIS_East,nuclear,1,192,2,trans,0,1,0,0,0,0,0,0,0,0,0,0,0,0,0,0,0,0,500,0,-1,0,0,5995730.391,519539.377,100888,0,0,0,2.3,0,0,256,0,10.46,0,0,west_north_central_uranium,0.5,0,1,1,1,0,0,0,0.25,0.25,24,24,0,0,0,0,0,0,0,0,50,205000,14881.377,0,0,0,0,0,0,0,0,0,0,0
MIS_East,naturalgas_ccs100,1,193,2,trans,0,1,0,0,0,0,0,0,0,0,0,0,0,0,0,0,0,1,500,0,-1,0,0,2019501.661,208403.551,43290,0,0,0,7.7,0,0,95,3.5,7.86,0,0,west_north_central_naturalgas_ccs100,0.6,0,1,1,1,0,0,0,0.64,0.64,6,6,0,0,0,0,0,0,0,0,20,82000,5952.551,0,0,0,0,0,0,0,0,0,0,0
NY_East,naturalgas_ccccsavgcf,1,194,3,trans,0,1,0,0,0,0,0,0,0,0,0,0,0,0,0,0,0,1,500,0,-1,0,0,1903501.661,230559.577,33620,0,0,0,7.2,0,0,95,3.5,7.49,0,0,middle_atlantic_naturalgas_ccs90,0.6,0,1,1,1,0,0,0,0.64,0.64,6,6,0,0,0,0,0,0,0,0,20,104000,7549.577,0,0,0,0,0,0,0,0,0,1,0
NY_East,naturalgas_ccavgcf,1,195,3,trans,0,1,0,0,0,0,0,0,0,0,0,0,0,0,0,0,0,1,500,0,-1,0,0,742707.134,135833,10032,0,0,0,2,0,0,95,3.5,6.15,0,0,middle_atlantic_naturalgas,0.2,0,1,1,1,0,0,0,0.64,0.64,6,6,0,0,0,0,0,0,0,0,0,0,0,0,0,0,0,0,0,0,0,0,0,0
NY_East,naturalgas_ctavgcf,1,196,3,trans,0,1,0,0,0,0,0,0,0,0,0,0,0,0,0,0,0,1,100,0,-1,0,0,633144.257,103860,6848,0,0,0,10.8,0,0,123,3.5,8.8,0,0,middle_atlantic_naturalgas,0.3,0,1,1,1,0,0,0,3.78,3.78,1,1,0,0,0,0,0,0,0,0,0,0,0,0,0,0,0,0,0,0,0,0,0,0
NY_East,landbasedwind_ltrg1,NY_East_wind_30,197,3,trans,0,0,1,0,0,0,0,0,0,0,0,0,0,0,0,0,0,1,1,0,10245.643,0,0,1187155.679,169495.11,37343,0,0,0,0,0,0,0,0,0,0,0,None,0,0,1,1,1,0,0,0,1,1,0,0,0,0,0,0,0,0,0,0,0,0,15266.11,0,0,0,0,0,0,0,0,1,1,0
NY_East,offshorewind_otrg3,NY_East_offshorewind_49,198,3,trans,0,0,1,0,0,0,0,0,0,0,0,0,0,0,0,0,0,1,1,1050,1055,0,0,1791524.834,423925.717,66359,0,0,0,0,0,0,0,0,0,0,0,None,0,0,1,1,1,0,0,0,1,1,0,0,0,0,0,0,0,0,0,0,0,0,253254.717,0,0,0,0,0,0,0,0,1,1,0
NY_East,offshorewind_otrg3,NY_East_offshorewind_50,199,3,trans,0,0,1,0,0,0,0,0,0,0,0,0,0,0,0,0,0,1,1,0,716.25,0,0,1791524.834,458449.496,66359,0,0,0,0,0,0,0,0,0,0,0,None,0,0,1,1,1,0,0,0,1,1,0,0,0,0,0,0,0,0,0,0,0,0,287778.496,0,0,0,0,0,0,0,0,1,1,0
NY_East,offshorewind_otrg3,NY_East_offshorewind_51,200,3,trans,0,0,1,0,0,0,0,0,0,0,0,0,0,0,0,0,0,1,1,1200,1202.025,0,0,1791524.834,328897.886,66359,0,0,0,0,0,0,0,0,0,0,0,None,0,0,1,1,1,0,0,0,1,1,0,0,0,0,0,0,0,0,0,0,0,0,158226.886,0,0,0,0,0,0,0,0,1,1,0
NY_East,offshorewind_otrg3,NY_East_offshorewind_52,201,3,trans,0,0,1,0,0,0,0,0,0,0,0,0,0,0,0,0,0,1,1,1770,1774.029,0,0,1791524.834,376883.365,66359,0,0,0,0,0,0,0,0,0,0,0,None,0,0,1,1,1,0,0,0,1,1,0,0,0,0,0,0,0,0,0,0,0,0,206212.365,0,0,0,0,0,0,0,0,1,1,0
NY_East,offshorewind_otrg3,NY_East_offshorewind_53,202,3,trans,0,0,1,0,0,0,0,0,0,0,0,0,0,0,0,0,0,1,1,2470,2477.979,0,0,1791524.834,366069.184,66359,0,0,0,0,0,0,0,0,0,0,0,None,0,0,1,1,1,0,0,0,1,1,0,0,0,0,0,0,0,0,0,0,0,0,195398.184,0,0,0,0,0,0,0,0,1,1,0
NY_East,offshorewind_otrg3,NY_East_offshorewind_54,203,3,trans,0,0,1,0,0,0,0,0,0,0,0,0,0,0,0,0,0,1,1,2510,3107.218,0,0,1791524.834,412902.104,66359,0,0,0,0,0,0,0,0,0,0,0,None,0,0,1,1,1,0,0,0,1,1,0,0,0,0,0,0,0,0,0,0,0,0,242231.104,0,0,0,0,0,0,0,0,1,1,0
NY_East,utilitypv_losangeles,NY_East_solarpv_2,204,3,trans,0,0,1,0,0,0,0,0,0,0,0,0,0,0,0,0,0,1,1,4500,15337.26,0,0,529896.5085,64828.08102,12451,0,0,0,0,0,0,0,0,0,0,0,None,0,0,1,1,1,0,0,0,1,1,0,0,0,0,0,0,0,0,0,0,0,0,7260.232,0,0,0,0,0,0,0,0,1,1,0
NY_East,battery,1,205,3,trans,0,0,0,0,2,0,0,0,0,0,0,0,0,0,0,0,0,1,1,2250,-1,0,0,339600,38388,8490,103700,11722,2592,0,0,0,0,0,0,0,0,None,0,0,0.92,0.92,1,1,10,0,1,1,0,0,0,0,0,0,0,0,0,0,0,0,0,0,0,0,0,0,0,0,0,0,0,0
NY_East,nuclear,1,206,3,trans,0,1,0,0,0,0,0,0,0,0,0,0,0,0,0,0,0,0,500,0,-1,0,0,5995730.391,665186.941,100888,0,0,0,2.3,0,0,256,0,10.46,0,0,middle_atlantic_uranium,0.5,0,1,1,1,0,0,0,0.25,0.25,24,24,0,0,0,0,0,0,0,0,50,260000,18873.941,0,0,0,0,0,0,0,0,0,1,0
NY_East,naturalgas_ccs100,1,207,3,trans,0,1,0,0,0,0,0,0,0,0,0,0,0,0,0,0,0,1,500,0,-1,0,0,2019501.661,244150.577,43290,0,0,0,7.7,0,0,95,3.5,7.86,0,0,middle_atlantic_naturalgas_ccs100,0.6,0,1,1,1,0,0,0,0.64,0.64,6,6,0,0,0,0,0,0,0,0,20,104000,7549.577,0,0,0,0,0,0,0,0,0,1,0
NY_West,naturalgas_ccccsavgcf,1,208,4,trans,0,1,0,0,0,0,0,0,0,0,0,0,0,0,0,0,0,1,500,0,-1,0,0,1903501.661,199959.577,33620,0,0,0,7.2,0,0,95,3.5,7.49,0,0,middle_atlantic_naturalgas_ccs90,0.6,0,1,1,1,0,0,0,0.64,0.64,6,6,0,0,0,0,0,0,0,0,20,104000,7549.577,0,0,0,0,0,0,0,0,0,1,0
NY_West,naturalgas_ccavgcf,1,209,4,trans,0,1,0,0,0,0,0,0,0,0,0,0,0,0,0,0,0,1,500,0,-1,0,0,742707.134,97512,10032,0,0,0,2,0,0,95,3.5,6.15,0,0,middle_atlantic_naturalgas,0.2,0,1,1,1,0,0,0,0.64,0.64,6,6,0,0,0,0,0,0,0,0,0,0,0,0,0,0,0,0,0,0,0,0,0,0
NY_West,naturalgas_ctavgcf,1,210,4,trans,0,1,0,0,0,0,0,0,0,0,0,0,0,0,0,0,0,1,100,0,-1,0,0,633144.257,77544,6848,0,0,0,10.8,0,0,123,3.5,8.8,0,0,middle_atlantic_naturalgas,0.3,0,1,1,1,0,0,0,3.78,3.78,1,1,0,0,0,0,0,0,0,0,0,0,0,0,0,0,0,0,0,0,0,0,0,0
NY_West,landbasedwind_ltrg1,NY_West_wind_31,211,4,trans,0,0,1,0,0,0,0,0,0,0,0,0,0,0,0,0,0,1,1,0,4914.116,0,0,1187155.679,190700.681,37343,0,0,0,0,0,0,0,0,0,0,0,None,0,0,1,1,1,0,0,0,1,1,0,0,0,0,0,0,0,0,0,0,0,0,17061.681,0,0,0,0,0,0,0,0,1,1,0
NY_West,landbasedwind_ltrg1,NY_West_wind_32,212,4,trans,0,0,1,0,0,0,0,0,0,0,0,0,0,0,0,0,0,1,1,0,1763.615,0,0,1187155.679,187612.548,37343,0,0,0,0,0,0,0,0,0,0,0,None,0,0,1,1,1,0,0,0,1,1,0,0,0,0,0,0,0,0,0,0,0,0,13973.548,0,0,0,0,0,0,0,0,1,1,0
NY_West,utilitypv_losangeles,NY_West_solarpv_3,213,4,trans,0,0,1,0,0,0,0,0,0,0,0,0,0,0,0,0,0,1,1,1500,18157.5,0,0,529896.5085,55313.66261,12451,0,0,0,0,0,0,0,0,0,0,0,None,0,0,1,1,1,0,0,0,1,1,0,0,0,0,0,0,0,0,0,0,0,0,7240.756,0,0,0,0,0,0,0,0,1,1,0
NY_West,battery,1,214,4,trans,0,0,0,0,2,0,0,0,0,0,0,0,0,0,0,0,0,1,1,750,-1,0,0,339600,37523,8490,103700,11458,2592,0,0,0,0,0,0,0,0,None,0,0,0.92,0.92,1,1,10,0,1,1,0,0,0,0,0,0,0,0,0,0,0,0,0,0,0,0,0,0,0,0,0,0,0,0
NY_West,nuclear,1,215,4,trans,0,1,0,0,0,0,0,0,0,0,0,0,0,0,0,0,0,0,500,0,-1,0,0,5995730.391,516818.941,100888,0,0,0,2.3,0,0,256,0,10.46,0,0,middle_atlantic_uranium,0.5,0,1,1,1,0,0,0,0.25,0.25,24,24,0,0,0,0,0,0,0,0,50,260000,18873.941,0,0,0,0,0,0,0,0,0,1,0
NY_West,naturalgas_ccs100,1,216,4,trans,0,1,0,0,0,0,0,0,0,0,0,0,0,0,0,0,0,1,500,0,-1,0,0,2019501.661,211684.577,43290,0,0,0,7.7,0,0,95,3.5,7.86,0,0,middle_atlantic_naturalgas_ccs100,0.6,0,1,1,1,0,0,0,0.64,0.64,6,6,0,0,0,0,0,0,0,0,20,104000,7549.577,0,0,0,0,0,0,0,0,0,1,0
PJM_COMD,naturalgas_ccccsavgcf,1,217,5,trans,0.93,1,0,0,0,0,0,0,0,0,1,0,0,0,0,0,0,1,500,0,-1,0,0,1903501.661,211073.577,33620,0,0,0,7.2,0,0,95,3.5,7.49,0,0,east_north_central_naturalgas_ccs90,0.6,0,1,1,1,0,0,0,0.64,0.64,6,6,0,0,0,0,0,0,0,0,20,104000,7549.577,0,0,0,0,0,0,1,0,0,0,0
PJM_COMD,naturalgas_ccavgcf,1,218,5,trans,0.93,1,0,0,0,0,0,0,0,0,1,0,0,0,0,0,0,1,500,0,-1,0,0,742707.134,104527,10032,0,0,0,2,0,0,95,3.5,6.15,0,0,east_north_central_naturalgas,0.2,0,1,1,1,0,0,0,0.64,0.64,6,6,0,0,0,0,0,0,0,0,0,0,0,0,0,0,0,0,0,0,0,0,0,0
PJM_COMD,naturalgas_ctavgcf,1,219,5,trans,0.93,1,0,0,0,0,0,0,0,0,1,0,0,0,0,0,0,1,100,0,-1,0,0,633144.257,88191,6848,0,0,0,10.8,0,0,123,3.5,8.8,0,0,east_north_central_naturalgas,0.3,0,1,1,1,0,0,0,3.78,3.78,1,1,0,0,0,0,0,0,0,0,0,0,0,0,0,0,0,0,0,0,0,0,0,0
PJM_COMD,landbasedwind_ltrg1,PJM_COMD_wind_33,220,5,trans,0.8,0,1,0,0,0,0,0,0,0,0,0,0,0,0,0,0,1,1,0,8686.905,0,0,1187155.679,156606.446,37343,0,0,0,0,0,0,0,0,0,0,0,None,0,0,1,1,1,0,0,0,1,1,0,0,0,0,0,0,0,0,0,0,0,0,14422.446,0,0,0,0,0,1,1,0,0,0,0
PJM_COMD,landbasedwind_ltrg1,PJM_COMD_wind_34,221,5,trans,0.8,0,1,0,0,0,0,0,0,0,0,0,0,0,0,0,0,1,1,0,10739.57,0,0,1187155.679,156961.27,37343,0,0,0,0,0,0,0,0,0,0,0,None,0,0,1,1,1,0,0,0,1,1,0,0,0,0,0,0,0,0,0,0,0,0,14777.27,0,0,0,0,0,1,1,0,0,0,0
PJM_COMD,landbasedwind_ltrg1,PJM_COMD_wind_35,222,5,trans,0.8,0,1,0,0,0,0,0,0,0,0,0,0,0,0,0,0,1,1,0,13064.332,0,0,1187155.679,156902.967,37343,0,0,0,0,0,0,0,0,0,0,0,None,0,0,1,1,1,0,0,0,1,1,0,0,0,0,0,0,0,0,0,0,0,0,14718.967,0,0,0,0,0,1,1,0,0,0,0
PJM_COMD,landbasedwind_ltrg1,PJM_COMD_wind_36,223,5,trans,0.8,0,1,0,0,0,0,0,0,0,0,0,0,0,0,0,0,1,1,0,11201.701,0,0,1187155.679,157173.482,37343,0,0,0,0,0,0,0,0,0,0,0,None,0,0,1,1,1,0,0,0,1,1,0,0,0,0,0,0,0,0,0,0,0,0,14989.482,0,0,0,0,0,1,1,0,0,0,0
PJM_COMD,landbasedwind_ltrg1,PJM_COMD_wind_37,224,5,trans,0.8,0,1,0,0,0,0,0,0,0,0,0,0,0,0,0,0,1,1,0,4083.621,0,0,1187155.679,160946.994,37343,0,0,0,0,0,0,0,0,0,0,0,None,0,0,1,1,1,0,0,0,1,1,0,0,0,0,0,0,0,0,0,0,0,0,18762.994,0,0,0,0,0,1,1,0,0,0,0
PJM_COMD,utilitypv_losangeles,PJM_COMD_solarpv_4,225,5,trans,0.8,0,1,0,0,0,0,0,0,0,0,0,0,0,0,0,0,1,1,370,27832.431,0,0,529896.5085,63346.17616,12451,0,0,0,0,0,0,0,0,0,0,0,None,0,0,1,1,1,0,0,0,1,1,0,0,0,0,0,0,0,0,0,0,0,0,14771.575,0,0,0,0,0,1,1,0,0,0,0
PJM_COMD,battery,1,226,5,trans,0.95,0,0,0,2,0,0,0,0,0,0,0,0,0,0,0,0,1,1,0,-1,0,0,339600,37766,8490,103700,11532,2592,0,0,0,0,0,0,0,0,None,0,0,0.92,0.92,1,1,10,0,1,1,0,0,0,0,0,0,0,0,0,0,0,0,0,0,0,0,0,0,0,0,0,0,0,0
PJM_COMD,nuclear,1,227,5,trans,0.93,1,0,0,0,0,0,0,0,0,1,0,0,0,0,0,0,0,500,0,-1,0,0,5995730.391,592300.941,100888,0,0,0,2.3,0,0,256,0,10.46,0,0,east_north_central_uranium,0.5,0,1,1,1,0,0,0,0.25,0.25,24,24,0,0,0,0,0,0,0,0,50,260000,18873.941,0,0,0,0,0,0,1,0,0,0,0
PJM_COMD,naturalgas_ccs100,1,228,5,trans,0.93,1,0,0,0,0,0,0,0,0,1,0,0,0,0,0,0,1,500,0,-1,0,0,2019501.661,223476.577,43290,0,0,0,7.7,0,0,95,3.5,7.86,0,0,east_north_central_naturalgas_ccs100,0.6,0,1,1,1,0,0,0,0.64,0.64,6,6,0,0,0,0,0,0,0,0,20,104000,7549.577,0,0,0,0,0,0,1,0,0,0,0
PJM_Delaware,naturalgas_ccccsavgcf,1,229,6,trans,0.93,1,0,0,0,0,0,0,0,0,1,0,0,0,0,0,0,1,500,0,-1,0,0,1903501.661,202845.577,33620,0,0,0,7.2,0,0,95,3.5,7.49,0,0,middle_atlantic_naturalgas_ccs90,0.6,0,1,1,1,0,0,0,0.64,0.64,6,6,0,0,0,0,0,0,0,0,20,104000,7549.577,0,0,0,0,0,0,1,0,0,0,0
PJM_Delaware,naturalgas_ccavgcf,1,230,6,trans,0.93,1,0,0,0,0,0,0,0,0,1,0,0,0,0,0,0,1,500,0,-1,0,0,742707.134,99704,10032,0,0,0,2,0,0,95,3.5,6.15,0,0,middle_atlantic_naturalgas,0.2,0,1,1,1,0,0,0,0.64,0.64,6,6,0,0,0,0,0,0,0,0,0,0,0,0,0,0,0,0,0,0,0,0,0,0
PJM_Delaware,naturalgas_ctavgcf,1,231,6,trans,0.93,1,0,0,0,0,0,0,0,0,1,0,0,0,0,0,0,1,100,0,-1,0,0,633144.257,80055,6848,0,0,0,10.8,0,0,123,3.5,8.8,0,0,middle_atlantic_naturalgas,0.3,0,1,1,1,0,0,0,3.78,3.78,1,1,0,0,0,0,0,0,0,0,0,0,0,0,0,0,0,0,0,0,0,0,0,0
PJM_Delaware,offshorewind_otrg3,PJM_Delaware_offshorewind_55,232,6,trans,0.8,0,1,0,0,0,0,0,0,0,0,0,0,0,0,0,0,1,1,1835,3246.703,0,0,1791524.834,383530.725,66359,0,0,0,0,0,0,0,0,0,0,0,None,0,0,1,1,1,0,0,0,1,1,0,0,0,0,0,0,0,0,0,0,0,0,213856.725,0,0,0,0,0,1,1,0,0,0,0
PJM_Delaware,utilitypv_losangeles,PJM_Delaware_solarpv_5,233,6,trans,0.8,0,1,0,0,0,0,0,0,0,0,0,0,0,0,0,0,1,1,210,6570,0,0,529896.5085,59243.2863,12451,0,0,0,0,0,0,0,0,0,0,0,None,0,0,1,1,1,0,0,0,1,1,0,0,0,0,0,0,0,0,0,0,0,0,10931.123,0,0,0,0,0,1,1,0,0,0,0
PJM_Delaware,battery,1,234,6,trans,0.95,0,0,0,2,0,0,0,0,0,0,0,0,0,0,0,0,1,1,0,-1,0,0,339600,37631,8490,103700,11491,2592,0,0,0,0,0,0,0,0,None,0,0,0.92,0.92,1,1,10,0,1,1,0,0,0,0,0,0,0,0,0,0,0,0,0,0,0,0,0,0,0,0,0,0,0,0
PJM_Delaware,nuclear,1,235,6,trans,0.93,1,0,0,0,0,0,0,0,0,1,0,0,0,0,0,0,0,500,0,-1,0,0,5995730.391,540387.941,100888,0,0,0,2.3,0,0,256,0,10.46,0,0,middle_atlantic_uranium,0.5,0,1,1,1,0,0,0,0.25,0.25,24,24,0,0,0,0,0,0,0,0,50,260000,18873.941,0,0,0,0,0,0,1,0,0,0,0
PJM_Delaware,naturalgas_ccs100,1,236,6,trans,0.93,1,0,0,0,0,0,0,0,0,1,0,0,0,0,0,0,1,500,0,-1,0,0,2019501.661,214747.577,43290,0,0,0,7.7,0,0,95,3.5,7.86,0,0,middle_atlantic_naturalgas_ccs100,0.6,0,1,1,1,0,0,0,0.64,0.64,6,6,0,0,0,0,0,0,0,0,20,104000,7549.577,0,0,0,0,0,0,1,0,0,0,0
PJM_Dom,naturalgas_ccccsavgcf,1,237,7,trans,0.93,1,0,0,0,0,0,0,0,0,1,0,0,0,0,0,0,1,500,0,-1,0,0,1903501.661,194618.577,33620,0,0,0,7.2,0,0,95,3.5,7.49,0,0,south_atlantic_naturalgas_ccs90,0.6,0,1,1,1,0,0,0,0.64,0.64,6,6,0,0,0,0,0,0,0,0,20,104000,7549.577,0,0,0,0,0,0,1,0,0,0,0
PJM_Dom,naturalgas_ccavgcf,1,238,7,trans,0.93,1,0,0,0,0,0,0,0,0,1,0,0,0,0,0,0,1,500,0,-1,0,0,742707.134,92163,10032,0,0,0,2,0,0,95,3.5,6.15,0,0,south_atlantic_naturalgas,0.2,0,1,1,1,0,0,0,0.64,0.64,6,6,0,0,0,0,0,0,0,0,0,0,0,0,0,0,0,0,0,0,0,0,0,0
PJM_Dom,naturalgas_ctavgcf,1,239,7,trans,0.93,1,0,0,0,0,0,0,0,0,1,0,0,0,0,0,0,1,100,0,-1,0,0,633144.257,72622,6848,0,0,0,10.8,0,0,123,3.5,8.8,0,0,south_atlantic_naturalgas,0.3,0,1,1,1,0,0,0,3.78,3.78,1,1,0,0,0,0,0,0,0,0,0,0,0,0,0,0,0,0,0,0,0,0,0,0
PJM_Dom,landbasedwind_ltrg1,PJM_Dom_wind_38,240,7,trans,0.8,0,1,0,0,0,0,0,0,0,0,0,0,0,0,0,0,1,1,0,16181.336,0,0,1187155.679,163943.134,37343,0,0,0,0,0,0,0,0,0,0,0,None,0,0,1,1,1,0,0,0,1,1,0,0,0,0,0,0,0,0,0,0,0,0,15707.134,0,0,0,0,0,1,1,0,0,0,0
PJM_Dom,offshorewind_otrg3,PJM_Dom_offshorewind_56,241,7,trans,0.8,0,1,0,0,0,0,0,0,0,0,0,0,0,0,0,0,1,1,1180,1190.294,0,0,1791524.834,385130.267,66359,0,0,0,0,0,0,0,0,0,0,0,None,0,0,1,1,1,0,0,0,1,1,0,0,0,0,0,0,0,0,0,0,0,0,208415.267,0,0,0,0,0,1,1,0,0,0,0
PJM_Dom,offshorewind_otrg3,PJM_Dom_offshorewind_57,242,7,trans,0.8,0,1,0,0,0,0,0,0,0,0,0,0,0,0,0,0,1,1,3385,3385.35,0,0,1791524.834,429332.156,66359,0,0,0,0,0,0,0,0,0,0,0,None,0,0,1,1,1,0,0,0,1,1,0,0,0,0,0,0,0,0,0,0,0,0,252617.156,0,0,0,0,0,1,1,0,0,0,0
PJM_Dom,utilitypv_losangeles,PJM_Dom_solarpv_6,243,7,trans,0.8,0,1,0,0,0,0,0,0,0,0,0,0,0,0,0,0,1,1,0,81485.446,0,0,529896.5085,53949.9686,12451,0,0,0,0,0,0,0,0,0,0,0,None,0,0,1,1,1,0,0,0,1,1,0,0,0,0,0,0,0,0,0,0,0,0,7461.271,0,0,0,0,0,1,1,0,0,0,0
PJM_Dom,battery,1,244,7,trans,0.95,0,0,0,2,0,0,0,0,0,0,0,0,0,0,0,0,1,1,2300,-1,0,0,339600,37631,8490,103700,11491,2592,0,0,0,0,0,0,0,0,None,0,0,0.92,0.92,1,1,10,0,1,1,0,0,0,0,0,0,0,0,0,0,0,0,0,0,0,0,0,0,0,0,0,0,0,0
PJM_Dom,nuclear,1,245,7,trans,0.93,1,0,0,0,0,0,0,0,0,1,0,0,0,0,0,0,0,500,0,-1,0,0,5995730.391,498619.941,100888,0,0,0,2.3,0,0,256,0,10.46,0,0,south_atlantic_uranium,0.5,0,1,1,1,0,0,0,0.25,0.25,24,24,0,0,0,0,0,0,0,0,50,260000,18873.941,0,0,0,0,0,0,1,0,0,0,0
PJM_Dom,naturalgas_ccs100,1,246,7,trans,0.93,1,0,0,0,0,0,0,0,0,1,0,0,0,0,0,0,1,500,0,-1,0,0,2019501.661,206018.577,43290,0,0,0,7.7,0,0,95,3.5,7.86,0,0,south_atlantic_naturalgas_ccs100,0.6,0,1,1,1,0,0,0,0.64,0.64,6,6,0,0,0,0,0,0,0,0,20,104000,7549.577,0,0,0,0,0,0,1,0,0,0,0
PJM_NJCoast,naturalgas_ccccsavgcf,1,247,8,trans,0.93,1,0,0,0,0,0,0,0,0,1,0,0,0,0,0,0,1,500,0,-1,0,0,1903501.661,202845.577,33620,0,0,0,7.2,0,0,95,3.5,7.49,0,0,middle_atlantic_naturalgas_ccs90,0.6,0,1,1,1,0,0,0,0.64,0.64,6,6,0,0,0,0,0,0,0,0,20,104000,7549.577,0,0,0,0,0,0,1,0,0,0,0
PJM_NJCoast,naturalgas_ccavgcf,1,248,8,trans,0.93,1,0,0,0,0,0,0,0,0,1,0,0,0,0,0,0,1,500,0,-1,0,0,742707.134,99704,10032,0,0,0,2,0,0,95,3.5,6.15,0,0,middle_atlantic_naturalgas,0.2,0,1,1,1,0,0,0,0.64,0.64,6,6,0,0,0,0,0,0,0,0,0,0,0,0,0,0,0,0,0,0,0,0,0,0
PJM_NJCoast,naturalgas_ctavgcf,1,249,8,trans,0.93,1,0,0,0,0,0,0,0,0,1,0,0,0,0,0,0,1,100,0,-1,0,0,633144.257,80055,6848,0,0,0,10.8,0,0,123,3.5,8.8,0,0,middle_atlantic_naturalgas,0.3,0,1,1,1,0,0,0,3.78,3.78,1,1,0,0,0,0,0,0,0,0,0,0,0,0,0,0,0,0,0,0,0,0,0,0
PJM_NJCoast,offshorewind_otrg3,PJM_NJCoast_offshorewind_58,250,8,trans,0.8,0,1,0,0,0,0,0,0,0,0,0,0,0,0,0,0,1,1,2380,2381.086,0,0,1791524.834,345645.934,66359,0,0,0,0,0,0,0,0,0,0,0,None,0,0,1,1,1,0,0,0,1,1,0,0,0,0,0,0,0,0,0,0,0,0,175971.934,0,0,0,0,0,1,1,0,0,0,0
PJM_NJCoast,offshorewind_otrg3,PJM_NJCoast_offshorewind_59,251,8,trans,0.8,0,1,0,0,0,0,0,0,0,0,0,0,0,0,0,0,1,1,1620,1625,0,0,1791524.834,394618.092,66359,0,0,0,0,0,0,0,0,0,0,0,None,0,0,1,1,1,0,0,0,1,1,0,0,0,0,0,0,0,0,0,0,0,0,224944.092,0,0,0,0,0,1,1,0,0,0,0
PJM_NJCoast,offshorewind_otrg3,PJM_NJCoast_offshorewind_60,252,8,trans,0.8,0,1,0,0,0,0,0,0,0,0,0,0,0,0,0,0,1,1,3500,3867.5,0,0,1791524.834,439087.827,66359,0,0,0,0,0,0,0,0,0,0,0,None,0,0,1,1,1,0,0,0,1,1,0,0,0,0,0,0,0,0,0,0,0,0,269413.827,0,0,0,0,0,1,1,0,0,0,0
PJM_NJCoast,offshorewind_otrg3,PJM_NJCoast_offshorewind_61,253,8,trans,0.8,0,1,0,0,0,0,0,0,0,0,0,0,0,0,0,0,1,1,0,4375,0,0,1791524.834,491212.699,66359,0,0,0,0,0,0,0,0,0,0,0,None,0,0,1,1,1,0,0,0,1,1,0,0,0,0,0,0,0,0,0,0,0,0,321538.699,0,0,0,0,0,1,1,0,0,0,0
PJM_NJCoast,offshorewind_otrg3,PJM_NJCoast_offshorewind_62,254,8,trans,0.8,0,1,0,0,0,0,0,0,0,0,0,0,0,0,0,0,1,1,0,4578.914,0,0,1791524.834,299149.79,66359,0,0,0,0,0,0,0,0,0,0,0,None,0,0,1,1,1,0,0,0,1,1,0,0,0,0,0,0,0,0,0,0,0,0,129475.79,0,0,0,0,0,1,1,0,0,0,0
PJM_NJCoast,utilitypv_losangeles,PJM_NJCoast_solarpv_7,255,8,trans,0.8,0,1,0,0,0,0,0,0,0,0,0,0,0,0,0,0,1,1,0,3386.25,0,0,734361.6867,81336.5124,12451,0,0,0,0,0,0,0,0,0,0,0,None,0,0,1,1,1,0,0,0,1,1,0,0,0,0,0,0,0,0,0,0,0,0,10088.339,0,0,0,0,0,1,1,0,0,0,0
PJM_NJCoast,battery,1,256,8,trans,0.95,0,0,0,2,0,0,0,0,0,0,0,0,0,0,0,0,1,1,395,-1,0,0,339600,37631,8490,103700,11491,2592,0,0,0,0,0,0,0,0,None,0,0,0.92,0.92,1,1,10,0,1,1,0,0,0,0,0,0,0,0,0,0,0,0,0,0,0,0,0,0,0,0,0,0,0,0
PJM_NJCoast,nuclear,1,257,8,trans,0.93,1,0,0,0,0,0,0,0,0,1,0,0,0,0,0,0,0,500,0,-1,0,0,5995730.391,540387.941,100888,0,0,0,2.3,0,0,256,0,10.46,0,0,middle_atlantic_uranium,0.5,0,1,1,1,0,0,0,0.25,0.25,24,24,0,0,0,0,0,0,0,0,50,260000,18873.941,0,0,0,0,0,0,1,0,0,0,0
PJM_NJCoast,naturalgas_ccs100,1,258,8,trans,0.93,1,0,0,0,0,0,0,0,0,1,0,0,0,0,0,0,1,500,0,-1,0,0,2019501.661,214747.577,43290,0,0,0,7.7,0,0,95,3.5,7.86,0,0,middle_atlantic_naturalgas_ccs100,0.6,0,1,1,1,0,0,0,0.64,0.64,6,6,0,0,0,0,0,0,0,0,20,104000,7549.577,0,0,0,0,0,0,1,0,0,0,0
PJM_NJLand,naturalgas_ccccsavgcf,1,259,9,trans,0.93,1,0,0,0,0,0,0,0,0,1,0,0,0,0,0,0,1,500,0,-1,0,0,1903501.661,202845.577,33620,0,0,0,7.2,0,0,95,3.5,7.49,0,0,middle_atlantic_naturalgas_ccs90,0.6,0,1,1,1,0,0,0,0.64,0.64,6,6,0,0,0,0,0,0,0,0,20,104000,7549.577,0,0,0,0,0,0,1,0,0,0,0
PJM_NJLand,naturalgas_ccavgcf,1,260,9,trans,0.93,1,0,0,0,0,0,0,0,0,1,0,0,0,0,0,0,1,500,0,-1,0,0,742707.134,99704,10032,0,0,0,2,0,0,95,3.5,6.15,0,0,middle_atlantic_naturalgas,0.2,0,1,1,1,0,0,0,0.64,0.64,6,6,0,0,0,0,0,0,0,0,0,0,0,0,0,0,0,0,0,0,0,0,0,0
PJM_NJLand,naturalgas_ctavgcf,1,261,9,trans,0.93,1,0,0,0,0,0,0,0,0,1,0,0,0,0,0,0,1,100,0,-1,0,0,633144.257,80055,6848,0,0,0,10.8,0,0,123,3.5,8.8,0,0,middle_atlantic_naturalgas,0.3,0,1,1,1,0,0,0,3.78,3.78,1,1,0,0,0,0,0,0,0,0,0,0,0,0,0,0,0,0,0,0,0,0,0,0
PJM_NJLand,utilitypv_losangeles,PJM_NJLand_solarpv_8,262,9,trans,0.8,0,1,0,0,0,0,0,0,0,0,0,0,0,0,0,0,1,1,0,6708.834,0,0,734361.6867,85696.69868,12451,0,0,0,0,0,0,0,0,0,0,0,None,0,0,1,1,1,0,0,0,1,1,0,0,0,0,0,0,0,0,0,0,0,0,14883.642,0,0,0,0,0,1,1,0,0,0,0
PJM_NJLand,battery,1,263,9,trans,0.95,0,0,0,2,0,0,0,0,0,0,0,0,0,0,0,0,1,1,1185,-1,0,0,339600,37631,8490,103700,11491,2592,0,0,0,0,0,0,0,0,None,0,0,0.92,0.92,1,1,10,0,1,1,0,0,0,0,0,0,0,0,0,0,0,0,0,0,0,0,0,0,0,0,0,0,0,0
PJM_NJLand,nuclear,1,264,9,trans,0.93,1,0,0,0,0,0,0,0,0,1,0,0,0,0,0,0,0,500,0,-1,0,0,5995730.391,540387.941,100888,0,0,0,2.3,0,0,256,0,10.46,0,0,middle_atlantic_uranium,0.5,0,1,1,1,0,0,0,0.25,0.25,24,24,0,0,0,0,0,0,0,0,50,260000,18873.941,0,0,0,0,0,0,1,0,0,0,0
PJM_NJLand,naturalgas_ccs100,1,265,9,trans,0.93,1,0,0,0,0,0,0,0,0,1,0,0,0,0,0,0,1,500,0,-1,0,0,2019501.661,214747.577,43290,0,0,0,7.7,0,0,95,3.5,7.86,0,0,middle_atlantic_naturalgas_ccs100,0.6,0,1,1,1,0,0,0,0.64,0.64,6,6,0,0,0,0,0,0,0,0,20,104000,7549.577,0,0,0,0,0,0,1,0,0,0,0
PJM_PECO,naturalgas_ccccsavgcf,1,266,10,trans,0.93,1,0,0,0,0,0,0,0,0,1,0,0,0,0,0,0,1,500,0,-1,0,0,1903501.661,202845.577,33620,0,0,0,7.2,0,0,95,3.5,7.49,0,0,middle_atlantic_naturalgas_ccs90,0.6,0,1,1,1,0,0,0,0.64,0.64,6,6,0,0,0,0,0,0,0,0,20,104000,7549.577,0,0,0,0,0,0,1,0,0,0,0
PJM_PECO,naturalgas_ccavgcf,1,267,10,trans,0.93,1,0,0,0,0,0,0,0,0,1,0,0,0,0,0,0,1,500,0,-1,0,0,742707.134,99704,10032,0,0,0,2,0,0,95,3.5,6.15,0,0,middle_atlantic_naturalgas,0.2,0,1,1,1,0,0,0,0.64,0.64,6,6,0,0,0,0,0,0,0,0,0,0,0,0,0,0,0,0,0,0,0,0,0,0
PJM_PECO,naturalgas_ctavgcf,1,268,10,trans,0.93,1,0,0,0,0,0,0,0,0,1,0,0,0,0,0,0,1,100,0,-1,0,0,633144.257,80055,6848,0,0,0,10.8,0,0,123,3.5,8.8,0,0,middle_atlantic_naturalgas,0.3,0,1,1,1,0,0,0,3.78,3.78,1,1,0,0,0,0,0,0,0,0,0,0,0,0,0,0,0,0,0,0,0,0,0,0
PJM_PECO,landbasedwind_ltrg1,PJM_PECO_wind_39,269,10,trans,0.8,0,1,0,0,0,0,0,0,0,0,0,0,0,0,0,0,1,1,0,3573.388,0,0,1187155.679,157717.908,37343,0,0,0,0,0,0,0,0,0,0,0,None,0,0,1,1,1,0,0,0,1,1,0,0,0,0,0,0,0,0,0,0,0,0,15362.908,0,0,0,0,0,1,1,0,0,0,0
PJM_PECO,utilitypv_losangeles,PJM_PECO_solarpv_9,270,10,trans,0.8,0,1,0,0,0,0,0,0,0,0,0,0,0,0,0,0,1,1,0,5348.043,0,0,529896.5085,61791.04398,12451,0,0,0,0,0,0,0,0,0,0,0,None,0,0,1,1,1,0,0,0,1,1,0,0,0,0,0,0,0,0,0,0,0,0,14814.308,0,0,0,0,0,1,1,0,0,0,0
PJM_PECO,battery,1,271,10,trans,0.95,0,0,0,2,0,0,0,0,0,0,0,0,0,0,0,0,1,1,0,-1,0,0,339600,37631,8490,103700,11491,2592,0,0,0,0,0,0,0,0,None,0,0,0.92,0.92,1,1,10,0,1,1,0,0,0,0,0,0,0,0,0,0,0,0,0,0,0,0,0,0,0,0,0,0,0,0
PJM_PECO,nuclear,1,272,10,trans,0.93,1,0,0,0,0,0,0,0,0,1,0,0,0,0,0,0,0,500,0,-1,0,0,5995730.391,540387.941,100888,0,0,0,2.3,0,0,256,0,10.46,0,0,middle_atlantic_uranium,0.5,0,1,1,1,0,0,0,0.25,0.25,24,24,0,0,0,0,0,0,0,0,50,260000,18873.941,0,0,0,0,0,0,1,0,0,0,0
PJM_PECO,naturalgas_ccs100,1,273,10,trans,0.93,1,0,0,0,0,0,0,0,0,1,0,0,0,0,0,0,1,500,0,-1,0,0,2019501.661,214747.577,43290,0,0,0,7.7,0,0,95,3.5,7.86,0,0,middle_atlantic_naturalgas_ccs100,0.6,0,1,1,1,0,0,0,0.64,0.64,6,6,0,0,0,0,0,0,0,0,20,104000,7549.577,0,0,0,0,0,0,1,0,0,0,0
PJM_SMAC,naturalgas_ccccsavgcf,1,274,11,trans,0.93,1,0,0,0,0,0,0,0,0,1,0,0,0,0,0,0,1,500,0,-1,0,0,1903501.661,202845.577,33620,0,0,0,7.2,0,0,95,3.5,7.49,0,0,south_atlantic_naturalgas_ccs90,0.6,0,1,1,1,0,0,0,0.64,0.64,6,6,0,0,0,0,0,0,0,0,20,104000,7549.577,0,0,0,0,0,0,1,0,0,0,0
PJM_SMAC,naturalgas_ccavgcf,1,275,11,trans,0.93,1,0,0,0,0,0,0,0,0,1,0,0,0,0,0,0,1,500,0,-1,0,0,742707.134,99704,10032,0,0,0,2,0,0,95,3.5,6.15,0,0,south_atlantic_naturalgas,0.2,0,1,1,1,0,0,0,0.64,0.64,6,6,0,0,0,0,0,0,0,0,0,0,0,0,0,0,0,0,0,0,0,0,0,0
PJM_SMAC,naturalgas_ctavgcf,1,276,11,trans,0.93,1,0,0,0,0,0,0,0,0,1,0,0,0,0,0,0,1,100,0,-1,0,0,633144.257,80055,6848,0,0,0,10.8,0,0,123,3.5,8.8,0,0,south_atlantic_naturalgas,0.3,0,1,1,1,0,0,0,3.78,3.78,1,1,0,0,0,0,0,0,0,0,0,0,0,0,0,0,0,0,0,0,0,0,0,0
PJM_SMAC,landbasedwind_ltrg1,PJM_SMAC_wind_40,277,11,trans,0.8,0,1,0,0,0,0,0,0,0,0,0,0,0,0,0,0,1,1,0,6509.1,0,0,1187155.679,173257.816,37343,0,0,0,0,0,0,0,0,0,0,0,None,0,0,1,1,1,0,0,0,1,1,0,0,0,0,0,0,0,0,0,0,0,0,30902.816,0,0,0,0,0,1,1,0,0,0,0
PJM_SMAC,utilitypv_losangeles,PJM_SMAC_solarpv_10,278,11,trans,0.8,0,1,0,0,0,0,0,0,0,0,0,0,0,0,0,0,1,1,0,21951.856,0,0,529896.5085,62194.19447,12451,0,0,0,0,0,0,0,0,0,0,0,None,0,0,1,1,1,0,0,0,1,1,0,0,0,0,0,0,0,0,0,0,0,0,15428.773,0,0,0,0,0,1,1,0,0,0,0
PJM_SMAC,battery,1,279,11,trans,0.95,0,0,0,2,0,0,0,0,0,0,0,0,0,0,0,0,1,1,0,-1,0,0,339600,37631,8490,103700,11491,2592,0,0,0,0,0,0,0,0,None,0,0,0.92,0.92,1,1,10,0,1,1,0,0,0,0,0,0,0,0,0,0,0,0,0,0,0,0,0,0,0,0,0,0,0,0
PJM_SMAC,nuclear,1,280,11,trans,0.93,1,0,0,0,0,0,0,0,0,1,0,0,0,0,0,0,0,500,0,-1,0,0,5995730.391,540387.941,100888,0,0,0,2.3,0,0,256,0,10.46,0,0,south_atlantic_uranium,0.5,0,1,1,1,0,0,0,0.25,0.25,24,24,0,0,0,0,0,0,0,0,50,260000,18873.941,0,0,0,0,0,0,1,0,0,0,0
PJM_SMAC,naturalgas_ccs100,1,281,11,trans,0.93,1,0,0,0,0,0,0,0,0,1,0,0,0,0,0,0,1,500,0,-1,0,0,2019501.661,214747.577,43290,0,0,0,7.7,0,0,95,3.5,7.86,0,0,south_atlantic_naturalgas_ccs100,0.6,0,1,1,1,0,0,0,0.64,0.64,6,6,0,0,0,0,0,0,0,0,20,104000,7549.577,0,0,0,0,0,0,1,0,0,0,0
PJM_WEST,naturalgas_ccccsavgcf,1,282,12,trans,0.93,1,0,0,0,0,0,0,0,0,1,0,0,0,0,0,0,1,500,0,-1,0,0,1903501.661,187112.577,33620,0,0,0,7.2,0,0,95,3.5,7.49,0,0,east_north_central_naturalgas_ccs90,0.6,0,1,1,1,0,0,0,0.64,0.64,6,6,0,0,0,0,0,0,0,0,20,104000,7549.577,0,0,0,0,0,0,1,0,0,0,0
PJM_WEST,naturalgas_ccavgcf,1,283,12,trans,0.93,1,0,0,0,0,0,0,0,0,1,0,0,0,0,0,0,1,500,0,-1,0,0,742707.134,81640,10032,0,0,0,2,0,0,95,3.5,6.15,0,0,east_north_central_naturalgas,0.2,0,1,1,1,0,0,0,0.64,0.64,6,6,0,0,0,0,0,0,0,0,0,0,0,0,0,0,0,0,0,0,0,0,0,0
PJM_WEST,naturalgas_ctavgcf,1,284,12,trans,0.93,1,0,0,0,0,0,0,0,0,1,0,0,0,0,0,0,1,100,0,-1,0,0,633144.257,68303,6848,0,0,0,10.8,0,0,123,3.5,8.8,0,0,east_north_central_naturalgas,0.3,0,1,1,1,0,0,0,3.78,3.78,1,1,0,0,0,0,0,0,0,0,0,0,0,0,0,0,0,0,0,0,0,0,0,0
PJM_WEST,landbasedwind_ltrg1,PJM_WEST_wind_41,285,12,trans,0.8,0,1,0,0,0,0,0,0,0,0,0,0,0,0,0,0,1,1,0,5164.381,0,0,1187155.679,120806.287,37343,0,0,0,0,0,0,0,0,0,0,0,None,0,0,1,1,1,0,0,0,1,1,0,0,0,0,0,0,0,0,0,0,0,0,13401.287,0,0,0,0,0,1,1,0,0,0,0
PJM_WEST,landbasedwind_ltrg1,PJM_WEST_wind_42,286,12,trans,0.8,0,1,0,0,0,0,0,0,0,0,0,0,0,0,0,0,1,1,0,19109.925,0,0,1187155.679,124187.651,37343,0,0,0,0,0,0,0,0,0,0,0,None,0,0,1,1,1,0,0,0,1,1,0,0,0,0,0,0,0,0,0,0,0,0,16782.651,0,0,0,0,0,1,1,0,0,0,0
PJM_WEST,landbasedwind_ltrg1,PJM_WEST_wind_43,287,12,trans,0.8,0,1,0,0,0,0,0,0,0,0,0,0,0,0,0,0,1,1,0,16677.225,0,0,1187155.679,120952.32,37343,0,0,0,0,0,0,0,0,0,0,0,None,0,0,1,1,1,0,0,0,1,1,0,0,0,0,0,0,0,0,0,0,0,0,13547.32,0,0,0,0,0,1,1,0,0,0,0
PJM_WEST,landbasedwind_ltrg1,PJM_WEST_wind_44,288,12,trans,0.8,0,1,0,0,0,0,0,0,0,0,0,0,0,0,0,0,1,1,0,40625.55,0,0,1187155.679,122884.213,37343,0,0,0,0,0,0,0,0,0,0,0,None,0,0,1,1,1,0,0,0,1,1,0,0,0,0,0,0,0,0,0,0,0,0,15479.213,0,0,0,0,0,1,1,0,0,0,0
PJM_WEST,utilitypv_losangeles,PJM_WEST_solarpv_11,289,12,trans,0.8,0,1,0,0,0,0,0,0,0,0,0,0,0,0,0,0,1,1,0,5456.25,0,0,529896.5085,54833.3587,12451,0,0,0,0,0,0,0,0,0,0,0,None,0,0,1,1,1,0,0,0,1,1,0,0,0,0,0,0,0,0,0,0,0,0,8634.697,0,0,0,0,0,1,1,0,0,0,0
PJM_WEST,utilitypv_losangeles,PJM_WEST_solarpv_12,290,12,trans,0.8,0,1,0,0,0,0,0,0,0,0,0,0,0,0,0,0,1,1,0,37363.5,0,0,529896.5085,54240.12292,12451,0,0,0,0,0,0,0,0,0,0,0,None,0,0,1,1,1,0,0,0,1,1,0,0,0,0,0,0,0,0,0,0,0,0,7730.512,0,0,0,0,0,1,1,0,0,0,0
PJM_WEST,utilitypv_losangeles,PJM_WEST_solarpv_13,291,12,trans,0.8,0,1,0,0,0,0,0,0,0,0,0,0,0,0,0,0,1,1,0,38297.235,0,0,529896.5085,54612.84349,12451,0,0,0,0,0,0,0,0,0,0,0,None,0,0,1,1,1,0,0,0,1,1,0,0,0,0,0,0,0,0,0,0,0,0,8298.597,0,0,0,0,0,1,1,0,0,0,0
PJM_WEST,utilitypv_losangeles,PJM_WEST_solarpv_14,292,12,trans,0.8,0,1,0,0,0,0,0,0,0,0,0,0,0,0,0,0,1,1,0,55878.75,0,0,529896.5085,54290.7476,12451,0,0,0,0,0,0,0,0,0,0,0,None,0,0,1,1,1,0,0,0,1,1,0,0,0,0,0,0,0,0,0,0,0,0,7807.672,0,0,0,0,0,1,1,0,0,0,0
PJM_WEST,battery,1,293,12,trans,0.95,0,0,0,2,0,0,0,0,0,0,0,0,0,0,0,0,1,1,0,-1,0,0,339600,37279,8490,103700,11383,2592,0,0,0,0,0,0,0,0,None,0,0,0.92,0.92,1,1,10,0,1,1,0,0,0,0,0,0,0,0,0,0,0,0,0,0,0,0,0,0,0,0,0,0,0,0
PJM_WEST,nuclear,1,294,12,trans,0.93,1,0,0,0,0,0,0,0,0,1,0,0,0,0,0,0,0,500,0,-1,0,0,5995730.391,479823.941,100888,0,0,0,2.3,0,0,256,0,10.46,0,0,east_north_central_uranium,0.5,0,1,1,1,0,0,0,0.25,0.25,24,24,0,0,0,0,0,0,0,0,50,260000,18873.941,0,0,0,0,0,0,1,0,0,0,0
PJM_WEST,naturalgas_ccs100,1,295,12,trans,0.93,1,0,0,0,0,0,0,0,0,1,0,0,0,0,0,0,1,500,0,-1,0,0,2019501.661,198055.577,43290,0,0,0,7.7,0,0,95,3.5,7.86,0,0,east_north_central_naturalgas_ccs100,0.6,0,1,1,1,0,0,0,0.64,0.64,6,6,0,0,0,0,0,0,0,0,20,104000,7549.577,0,0,0,0,0,0,1,0,0,0,0
PJM_WestMAC,naturalgas_ccccsavgcf,1,296,13,trans,0.93,1,0,0,0,0,0,0,0,0,1,0,0,0,0,0,0,1,500,0,-1,0,0,1903501.661,202845.577,33620,0,0,0,7.2,0,0,95,3.5,7.49,0,0,middle_atlantic_naturalgas_ccs90,0.6,0,1,1,1,0,0,0,0.64,0.64,6,6,0,0,0,0,0,0,0,0,20,104000,7549.577,0,0,0,0,0,0,1,0,0,0,0
PJM_WestMAC,naturalgas_ccavgcf,1,297,13,trans,0.93,1,0,0,0,0,0,0,0,0,1,0,0,0,0,0,0,1,500,0,-1,0,0,742707.134,99704,10032,0,0,0,2,0,0,95,3.5,6.15,0,0,middle_atlantic_naturalgas,0.2,0,1,1,1,0,0,0,0.64,0.64,6,6,0,0,0,0,0,0,0,0,0,0,0,0,0,0,0,0,0,0,0,0,0,0
PJM_WestMAC,naturalgas_ctavgcf,1,298,13,trans,0.93,1,0,0,0,0,0,0,0,0,1,0,0,0,0,0,0,1,100,0,-1,0,0,633144.257,80055,6848,0,0,0,10.8,0,0,123,3.5,8.8,0,0,middle_atlantic_naturalgas,0.3,0,1,1,1,0,0,0,3.78,3.78,1,1,0,0,0,0,0,0,0,0,0,0,0,0,0,0,0,0,0,0,0,0,0,0
PJM_WestMAC,landbasedwind_ltrg1,PJM_WestMAC_wind_45,299,13,trans,0.8,0,1,0,0,0,0,0,0,0,0,0,0,0,0,0,0,1,1,0,6565.725,0,0,1187155.679,156191.202,37343,0,0,0,0,0,0,0,0,0,0,0,None,0,0,1,1,1,0,0,0,1,1,0,0,0,0,0,0,0,0,0,0,0,0,13836.202,0,0,0,0,0,1,1,0,0,0,0
PJM_WestMAC,landbasedwind_ltrg1,PJM_WestMAC_wind_46,300,13,trans,0.8,0,1,0,0,0,0,0,0,0,0,0,0,0,0,0,0,1,1,0,4603.549,0,0,1187155.679,149896.967,37343,0,0,0,0,0,0,0,0,0,0,0,None,0,0,1,1,1,0,0,0,1,1,0,0,0,0,0,0,0,0,0,0,0,0,7541.967,0,0,0,0,0,1,1,0,0,0,0
PJM_WestMAC,utilitypv_losangeles,PJM_WestMAC_solarpv_15,301,13,trans,0.8,0,1,0,0,0,0,0,0,0,0,0,0,0,0,0,0,1,1,0,36106.574,0,0,529896.5085,56114.76465,12451,0,0,0,0,0,0,0,0,0,0,0,None,0,0,1,1,1,0,0,0,1,1,0,0,0,0,0,0,0,0,0,0,0,0,6162.762,0,0,0,0,0,1,1,0,0,0,0
PJM_WestMAC,battery,1,302,13,trans,0.95,0,0,0,2,0,0,0,0,0,0,0,0,0,0,0,0,1,1,0,-1,0,0,339600,37631,8490,103700,11491,2592,0,0,0,0,0,0,0,0,None,0,0,0.92,0.92,1,1,10,0,1,1,0,0,0,0,0,0,0,0,0,0,0,0,0,0,0,0,0,0,0,0,0,0,0,0
PJM_WestMAC,nuclear,1,303,13,trans,0.93,1,0,0,0,0,0,0,0,0,1,0,0,0,0,0,0,0,500,0,-1,0,0,5995730.391,540387.941,100888,0,0,0,2.3,0,0,256,0,10.46,0,0,middle_atlantic_uranium,0.5,0,1,1,1,0,0,0,0.25,0.25,24,24,0,0,0,0,0,0,0,0,50,260000,18873.941,0,0,0,0,0,0,1,0,0,0,0
PJM_WestMAC,naturalgas_ccs100,1,304,13,trans,0.93,1,0,0,0,0,0,0,0,0,1,0,0,0,0,0,0,1,500,0,-1,0,0,2019501.661,214747.577,43290,0,0,0,7.7,0,0,95,3.5,7.86,0,0,middle_atlantic_naturalgas_ccs100,0.6,0,1,1,1,0,0,0,0.64,0.64,6,6,0,0,0,0,0,0,0,0,20,104000,7549.577,0,0,0,0,0,0,1,0,0,0,0
SC_TVA,naturalgas_ccccsavgcf,1,305,14,trans,0,1,0,0,0,0,0,0,0,0,0,0,0,0,0,0,0,1,500,0,-1,0,0,1903501.661,184285.998,33620,0,0,0,7.2,0,0,95,3.5,7.49,0,0,south_atlantic_naturalgas_ccs90,0.6,0,1,1,1,0,0,0,0.64,0.64,6,6,0,0,0,0,0,0,0,0,20,76000,5516.998,0,0,0,0,0,0,0,0,0,0,0
SC_TVA,naturalgas_ccavgcf,1,306,14,trans,0,1,0,0,0,0,0,0,0,0,0,0,0,0,0,0,0,1,500,0,-1,0,0,742707.134,79009,10032,0,0,0,2,0,0,95,3.5,6.15,0,0,south_atlantic_naturalgas,0.2,0,1,1,1,0,0,0,0.64,0.64,6,6,0,0,0,0,0,0,0,0,0,0,0,0,0,0,0,0,0,0,0,0,0,0
SC_TVA,naturalgas_ctavgcf,1,307,14,trans,0,1,0,0,0,0,0,0,0,0,0,0,0,0,0,0,0,1,100,0,-1,0,0,633144.257,67599,6848,0,0,0,10.8,0,0,123,3.5,8.8,0,0,south_atlantic_naturalgas,0.3,0,1,1,1,0,0,0,3.78,3.78,1,1,0,0,0,0,0,0,0,0,0,0,0,0,0,0,0,0,0,0,0,0,0,0
SC_TVA,landbasedwind_ltrg1,SC_TVA_wind_47,308,14,trans,0,0,1,0,0,0,0,0,0,0,0,0,0,0,0,0,0,1,1,0,3478.95,0,0,1187155.679,114680.284,37343,0,0,0,0,0,0,0,0,0,0,0,None,0,0,1,1,1,0,0,0,1,1,0,0,0,0,0,0,0,0,0,0,0,0,7275.284,0,0,0,0,0,0,0,0,0,0,1
SC_TVA,landbasedwind_ltrg1,SC_TVA_wind_48,309,14,trans,0,0,1,0,0,0,0,0,0,0,0,0,0,0,0,0,0,1,1,0,5314.95,0,0,1187155.679,114707.008,37343,0,0,0,0,0,0,0,0,0,0,0,None,0,0,1,1,1,0,0,0,1,1,0,0,0,0,0,0,0,0,0,0,0,0,7302.008,0,0,0,0,0,0,0,0,0,0,1
SC_TVA,utilitypv_losangeles,SC_TVA_solarpv_16,310,14,trans,0,0,1,0,0,0,0,0,0,0,0,0,0,0,0,0,0,1,1,0,26678.25,0,0,529896.5085,50520.69399,12451,0,0,0,0,0,0,0,0,0,0,0,None,0,0,1,1,1,0,0,0,1,1,0,0,0,0,0,0,0,0,0,0,0,0,3326.515,0,0,0,0,0,0,0,0,0,0,1
SC_TVA,utilitypv_losangeles,SC_TVA_solarpv_17,311,14,trans,0,0,1,0,0,0,0,0,0,0,0,0,0,0,0,0,0,1,1,0,61297.802,0,0,529896.5085,51622.08184,12451,0,0,0,0,0,0,0,0,0,0,0,None,0,0,1,1,1,0,0,0,1,1,0,0,0,0,0,0,0,0,0,0,0,0,5005.204,0,0,0,0,0,0,0,0,0,0,1
SC_TVA,battery,1,312,14,trans,0,0,0,0,2,0,0,0,0,0,0,0,0,0,0,0,0,1,1,0,-1,0,0,339600,38361,8490,103700,11713,2592,0,0,0,0,0,0,0,0,None,0,0,0.92,0.92,1,1,10,0,1,1,0,0,0,0,0,0,0,0,0,0,0,0,0,0,0,0,0,0,0,0,0,0,0,0
SC_TVA,nuclear,1,313,14,trans,0,1,0,0,0,0,0,0,0,0,0,0,0,0,0,0,0,0,500,0,-1,0,0,5995730.391,493985.496,100888,0,0,0,2.3,0,0,256,0,10.46,0,0,south_atlantic_uranium,0.5,0,1,1,1,0,0,0,0.25,0.25,24,24,0,0,0,0,0,0,0,0,50,190000,13792.496,0,0,0,0,0,0,0,0,0,0,0
SC_TVA,naturalgas_ccs100,1,314,14,trans,0,1,0,0,0,0,0,0,0,0,0,0,0,0,0,0,0,1,500,0,-1,0,0,2019501.661,195179.998,43290,0,0,0,7.7,0,0,95,3.5,7.86,0,0,south_atlantic_naturalgas_ccs100,0.6,0,1,1,1,0,0,0,0.64,0.64,6,6,0,0,0,0,0,0,0,0,20,76000,5516.998,0,0,0,0,0,0,0,0,0,0,0
SC_VACA,naturalgas_ccccsavgcf,1,315,15,trans,0,1,0,0,0,0,0,0,0,0,0,0,0,0,0,0,0,1,500,0,-1,0,0,1903501.661,180460.998,33620,0,0,0,7.2,0,0,95,3.5,7.49,0,0,south_atlantic_naturalgas_ccs90,0.6,0,1,1,1,0,0,0,0.64,0.64,6,6,0,0,0,0,0,0,0,0,20,76000,5516.998,0,0,0,0,0,0,0,0,0,0,0
SC_VACA,naturalgas_ccavgcf,1,316,15,trans,0,1,0,0,0,0,0,0,0,0,0,0,0,0,0,0,0,1,500,0,-1,0,0,742707.134,76203,10032,0,0,0,2,0,0,95,3.5,6.15,0,0,south_atlantic_naturalgas,0.2,0,1,1,1,0,0,0,0.64,0.64,6,6,0,0,0,0,0,0,0,0,0,0,0,0,0,0,0,0,0,0,0,0,0,0
SC_VACA,naturalgas_ctavgcf,1,317,15,trans,0,1,0,0,0,0,0,0,0,0,0,0,0,0,0,0,0,1,100,0,-1,0,0,633144.257,65189,6848,0,0,0,10.8,0,0,123,3.5,8.8,0,0,south_atlantic_naturalgas,0.3,0,1,1,1,0,0,0,3.78,3.78,1,1,0,0,0,0,0,0,0,0,0,0,0,0,0,0,0,0,0,0,0,0,0,0
SC_VACA,offshorewind_otrg3,SC_VACA_offshorewind_63,318,15,trans,0,0,1,0,0,0,0,0,0,0,0,0,0,0,0,0,0,1,1,0,2343.75,0,0,1791524.834,217281.458,66359,0,0,0,0,0,0,0,0,0,0,0,None,0,0,1,1,1,0,0,0,1,1,0,0,0,0,0,0,0,0,0,0,0,0,64587.458,0,0,0,0,0,0,0,0,0,0,1
SC_VACA,offshorewind_otrg3,SC_VACA_offshorewind_64,319,15,trans,0,0,1,0,0,0,0,0,0,0,0,0,0,0,0,0,0,1,1,0,2668.75,0,0,1791524.834,292799.066,66359,0,0,0,0,0,0,0,0,0,0,0,None,0,0,1,1,1,0,0,0,1,1,0,0,0,0,0,0,0,0,0,0,0,0,140105.066,0,0,0,0,0,0,0,0,0,0,1
SC_VACA,offshorewind_otrg3,SC_VACA_offshorewind_65,320,15,trans,0,0,1,0,0,0,0,0,0,0,0,0,0,0,0,0,0,1,1,0,1548.75,0,0,1791524.834,358986.591,66359,0,0,0,0,0,0,0,0,0,0,0,None,0,0,1,1,1,0,0,0,1,1,0,0,0,0,0,0,0,0,0,0,0,0,206292.591,0,0,0,0,0,0,0,0,0,0,1
SC_VACA,offshorewind_otrg3,SC_VACA_offshorewind_66,321,15,trans,0,0,1,0,0,0,0,0,0,0,0,0,0,0,0,0,0,1,1,0,3353.75,0,0,1791524.834,266216.96,66359,0,0,0,0,0,0,0,0,0,0,0,None,0,0,1,1,1,0,0,0,1,1,0,0,0,0,0,0,0,0,0,0,0,0,113522.96,0,0,0,0,0,0,0,0,0,0,1
SC_VACA,offshorewind_otrg3,SC_VACA_offshorewind_67,322,15,trans,0,0,1,0,0,0,0,0,0,0,0,0,0,0,0,0,0,1,1,0,4298.75,0,0,1791524.834,239209.774,66359,0,0,0,0,0,0,0,0,0,0,0,None,0,0,1,1,1,0,0,0,1,1,0,0,0,0,0,0,0,0,0,0,0,0,86515.774,0,0,0,0,0,0,0,0,0,0,1
SC_VACA,offshorewind_otrg3,SC_VACA_offshorewind_68,323,15,trans,0,0,1,0,0,0,0,0,0,0,0,0,0,0,0,0,0,1,1,0,4305,0,0,1791524.834,326294.58,66359,0,0,0,0,0,0,0,0,0,0,0,None,0,0,1,1,1,0,0,0,1,1,0,0,0,0,0,0,0,0,0,0,0,0,173600.58,0,0,0,0,0,0,0,0,0,0,1
SC_VACA,utilitypv_losangeles,SC_VACA_solarpv_18,324,15,trans,0,0,1,0,0,0,0,0,0,0,0,0,0,0,0,0,0,1,1,0,137777.457,0,0,529896.5085,53136.91833,12451,0,0,0,0,0,0,0,0,0,0,0,None,0,0,1,1,1,0,0,0,1,1,0,0,0,0,0,0,0,0,0,0,0,0,4728.054,0,0,0,0,0,0,0,0,0,0,1
SC_VACA,battery,1,325,15,trans,0,0,0,0,2,0,0,0,0,0,0,0,0,0,0,0,0,1,1,0,-1,0,0,339600,38604,8490,103700,11788,2592,0,0,0,0,0,0,0,0,None,0,0,0.92,0.92,1,1,10,0,1,1,0,0,0,0,0,0,0,0,0,0,0,0,0,0,0,0,0,0,0,0,0,0,0,0
SC_VACA,nuclear,1,326,15,trans,0,1,0,0,0,0,0,0,0,0,0,0,0,0,0,0,0,0,500,0,-1,0,0,5995730.391,488988.496,100888,0,0,0,2.3,0,0,256,0,10.46,0,0,south_atlantic_uranium,0.5,0,1,1,1,0,0,0,0.25,0.25,24,24,0,0,0,0,0,0,0,0,50,190000,13792.496,0,0,0,0,0,0,0,0,0,0,0
SC_VACA,naturalgas_ccs100,1,327,15,trans,0,1,0,0,0,0,0,0,0,0,0,0,0,0,0,0,0,1,500,0,-1,0,0,2019501.661,191121.998,43290,0,0,0,7.7,0,0,95,3.5,7.86,0,0,south_atlantic_naturalgas_ccs100,0.6,0,1,1,1,0,0,0,0.64,0.64,6,6,0,0,0,0,0,0,0,0,20,76000,5516.998,0,0,0,0,0,0,0,0,0,0,0
MIS_Central,ev_load_shifting,1,328,1,0,0,0,0,0,0,2,0,0,0,0,0,0,0,0,8426.178,0,0,-1,0,0,0,0,0,0,0,0,0,0,0,0,0,0,0,0,0,0,0,None,0,0,0,0,0,0,0,5,0,0,0,0,0,0,0,0,0,0,0,0,0,0,0,0,0,0,0,0,0,0,0,0,0,0
MIS_East,ev_load_shifting,1,329,2,0,0,0,0,0,0,2,0,0,0,0,0,0,0,0,4615.054,0,0,-1,0,0,0,0,0,0,0,0,0,0,0,0,0,0,0,0,0,0,0,None,0,0,0,0,0,0,0,5,0,0,0,0,0,0,0,0,0,0,0,0,0,0,0,0,0,0,0,0,0,0,0,0,0,0
NY_East,ev_load_shifting,1,330,3,0,0,0,0,0,0,2,0,0,0,0,0,0,0,0,8711.355,0,0,-1,0,0,0,0,0,0,0,0,0,0,0,0,0,0,0,0,0,0,0,None,0,0,0,0,0,0,0,5,0,0,0,0,0,0,0,0,0,0,0,0,0,0,0,0,0,0,0,0,0,0,0,0,0,0
NY_West,ev_load_shifting,1,331,4,0,0,0,0,0,0,2,0,0,0,0,0,0,0,0,2457.958,0,0,-1,0,0,0,0,0,0,0,0,0,0,0,0,0,0,0,0,0,0,0,None,0,0,0,0,0,0,0,5,0,0,0,0,0,0,0,0,0,0,0,0,0,0,0,0,0,0,0,0,0,0,0,0,0,0
PJM_COMD,ev_load_shifting,1,332,5,0,0,0,0,0,0,2,0,0,0,0,0,0,0,0,3439.141,0,0,-1,0,0,0,0,0,0,0,0,0,0,0,0,0,0,0,0,0,0,0,None,0,0,0,0,0,0,0,5,0,0,0,0,0,0,0,0,0,0,0,0,0,0,0,0,0,0,0,0,0,0,0,0,0,0
PJM_Delaware,ev_load_shifting,1,333,6,0,0,0,0,0,0,2,0,0,0,0,0,0,0,0,666.939,0,0,-1,0,0,0,0,0,0,0,0,0,0,0,0,0,0,0,0,0,0,0,None,0,0,0,0,0,0,0,5,0,0,0,0,0,0,0,0,0,0,0,0,0,0,0,0,0,0,0,0,0,0,0,0,0,0
PJM_Dom,ev_load_shifting,1,334,7,0,0,0,0,0,0,2,0,0,0,0,0,0,0,0,4240.361,0,0,-1,0,0,0,0,0,0,0,0,0,0,0,0,0,0,0,0,0,0,0,None,0,0,0,0,0,0,0,5,0,0,0,0,0,0,0,0,0,0,0,0,0,0,0,0,0,0,0,0,0,0,0,0,0,0
PJM_NJCoast,ev_load_shifting,1,335,8,0,0,0,0,0,0,2,0,0,0,0,0,0,0,0,2960.535,0,0,-1,0,0,0,0,0,0,0,0,0,0,0,0,0,0,0,0,0,0,0,None,0,0,0,0,0,0,0,5,0,0,0,0,0,0,0,0,0,0,0,0,0,0,0,0,0,0,0,0,0,0,0,0,0,0
PJM_NJLand,ev_load_shifting,1,336,9,0,0,0,0,0,0,2,0,0,0,0,0,0,0,0,3741.073,0,0,-1,0,0,0,0,0,0,0,0,0,0,0,0,0,0,0,0,0,0,0,None,0,0,0,0,0,0,0,5,0,0,0,0,0,0,0,0,0,0,0,0,0,0,0,0,0,0,0,0,0,0,0,0,0,0
PJM_PECO,ev_load_shifting,1,337,10,0,0,0,0,0,0,2,0,0,0,0,0,0,0,0,4293.379,0,0,-1,0,0,0,0,0,0,0,0,0,0,0,0,0,0,0,0,0,0,0,None,0,0,0,0,0,0,0,5,0,0,0,0,0,0,0,0,0,0,0,0,0,0,0,0,0,0,0,0,0,0,0,0,0,0
PJM_SMAC,ev_load_shifting,1,338,11,0,0,0,0,0,0,2,0,0,0,0,0,0,0,0,3313.916,0,0,-1,0,0,0,0,0,0,0,0,0,0,0,0,0,0,0,0,0,0,0,None,0,0,0,0,0,0,0,5,0,0,0,0,0,0,0,0,0,0,0,0,0,0,0,0,0,0,0,0,0,0,0,0,0,0
PJM_WEST,ev_load_shifting,1,339,12,0,0,0,0,0,0,2,0,0,0,0,0,0,0,0,14494.241,0,0,-1,0,0,0,0,0,0,0,0,0,0,0,0,0,0,0,0,0,0,0,None,0,0,0,0,0,0,0,5,0,0,0,0,0,0,0,0,0,0,0,0,0,0,0,0,0,0,0,0,0,0,0,0,0,0
PJM_WestMAC,ev_load_shifting,1,340,13,0,0,0,0,0,0,2,0,0,0,0,0,0,0,0,4352.831,0,0,-1,0,0,0,0,0,0,0,0,0,0,0,0,0,0,0,0,0,0,0,None,0,0,0,0,0,0,0,5,0,0,0,0,0,0,0,0,0,0,0,0,0,0,0,0,0,0,0,0,0,0,0,0,0,0
SC_TVA,ev_load_shifting,1,341,14,0,0,0,0,0,0,2,0,0,0,0,0,0,0,0,5587.927,0,0,-1,0,0,0,0,0,0,0,0,0,0,0,0,0,0,0,0,0,0,0,None,0,0,0,0,0,0,0,5,0,0,0,0,0,0,0,0,0,0,0,0,0,0,0,0,0,0,0,0,0,0,0,0,0,0
SC_VACA,ev_load_shifting,1,342,15,0,0,0,0,0,0,2,0,0,0,0,0,0,0,0,7921.4,0,0,-1,0,0,0,0,0,0,0,0,0,0,0,0,0,0,0,0,0,0,0,None,0,0,0,0,0,0,0,5,0,0,0,0,0,0,0,0,0,0,0,0,0,0,0,0,0,0,0,0,0,0,0,0,0,0
MIS_Central,heat_load_shifting,1,343,1,0,0,0,0,0,0,2,0,0,0,0,0,0,0,0,1257.972,0,0,-1,0,0,0,0,0,0,0,0,0,0,0,0,0,0,0,0,0,0,0,None,0,0,0,0,0,0,0,1,0,0,0,0,0,0,0,0,0,0,0,0,0,0,0,0,0,0,0,0,0,0,0,0,0,0
MIS_East,heat_load_shifting,1,344,2,0,0,0,0,0,0,2,0,0,0,0,0,0,0,0,737.605,0,0,-1,0,0,0,0,0,0,0,0,0,0,0,0,0,0,0,0,0,0,0,None,0,0,0,0,0,0,0,1,0,0,0,0,0,0,0,0,0,0,0,0,0,0,0,0,0,0,0,0,0,0,0,0,0,0
NY_East,heat_load_shifting,1,345,3,0,0,0,0,0,0,2,0,0,0,0,0,0,0,0,1476.042,0,0,-1,0,0,0,0,0,0,0,0,0,0,0,0,0,0,0,0,0,0,0,None,0,0,0,0,0,0,0,1,0,0,0,0,0,0,0,0,0,0,0,0,0,0,0,0,0,0,0,0,0,0,0,0,0,0
NY_West,heat_load_shifting,1,346,4,0,0,0,0,0,0,2,0,0,0,0,0,0,0,0,488.264,0,0,-1,0,0,0,0,0,0,0,0,0,0,0,0,0,0,0,0,0,0,0,None,0,0,0,0,0,0,0,1,0,0,0,0,0,0,0,0,0,0,0,0,0,0,0,0,0,0,0,0,0,0,0,0,0,0
PJM_COMD,heat_load_shifting,1,347,5,0,0,0,0,0,0,2,0,0,0,0,0,0,0,0,629.477,0,0,-1,0,0,0,0,0,0,0,0,0,0,0,0,0,0,0,0,0,0,0,None,0,0,0,0,0,0,0,1,0,0,0,0,0,0,0,0,0,0,0,0,0,0,0,0,0,0,0,0,0,0,0,0,0,0
PJM_Delaware,heat_load_shifting,1,348,6,0,0,0,0,0,0,2,0,0,0,0,0,0,0,0,147.688,0,0,-1,0,0,0,0,0,0,0,0,0,0,0,0,0,0,0,0,0,0,0,None,0,0,0,0,0,0,0,1,0,0,0,0,0,0,0,0,0,0,0,0,0,0,0,0,0,0,0,0,0,0,0,0,0,0
PJM_Dom,heat_load_shifting,1,349,7,0,0,0,0,0,0,2,0,0,0,0,0,0,0,0,996.881,0,0,-1,0,0,0,0,0,0,0,0,0,0,0,0,0,0,0,0,0,0,0,None,0,0,0,0,0,0,0,1,0,0,0,0,0,0,0,0,0,0,0,0,0,0,0,0,0,0,0,0,0,0,0,0,0,0
PJM_NJCoast,heat_load_shifting,1,350,8,0,0,0,0,0,0,2,0,0,0,0,0,0,0,0,295.273,0,0,-1,0,0,0,0,0,0,0,0,0,0,0,0,0,0,0,0,0,0,0,None,0,0,0,0,0,0,0,1,0,0,0,0,0,0,0,0,0,0,0,0,0,0,0,0,0,0,0,0,0,0,0,0,0,0
PJM_NJLand,heat_load_shifting,1,351,9,0,0,0,0,0,0,2,0,0,0,0,0,0,0,0,467.448,0,0,-1,0,0,0,0,0,0,0,0,0,0,0,0,0,0,0,0,0,0,0,None,0,0,0,0,0,0,0,1,0,0,0,0,0,0,0,0,0,0,0,0,0,0,0,0,0,0,0,0,0,0,0,0,0,0
PJM_PECO,heat_load_shifting,1,352,10,0,0,0,0,0,0,2,0,0,0,0,0,0,0,0,531.506,0,0,-1,0,0,0,0,0,0,0,0,0,0,0,0,0,0,0,0,0,0,0,None,0,0,0,0,0,0,0,1,0,0,0,0,0,0,0,0,0,0,0,0,0,0,0,0,0,0,0,0,0,0,0,0,0,0
PJM_SMAC,heat_load_shifting,1,353,11,0,0,0,0,0,0,2,0,0,0,0,0,0,0,0,621.584,0,0,-1,0,0,0,0,0,0,0,0,0,0,0,0,0,0,0,0,0,0,0,None,0,0,0,0,0,0,0,1,0,0,0,0,0,0,0,0,0,0,0,0,0,0,0,0,0,0,0,0,0,0,0,0,0,0
PJM_WEST,heat_load_shifting,1,354,12,0,0,0,0,0,0,2,0,0,0,0,0,0,0,0,1860.294,0,0,-1,0,0,0,0,0,0,0,0,0,0,0,0,0,0,0,0,0,0,0,None,0,0,0,0,0,0,0,1,0,0,0,0,0,0,0,0,0,0,0,0,0,0,0,0,0,0,0,0,0,0,0,0,0,0
PJM_WestMAC,heat_load_shifting,1,355,13,0,0,0,0,0,0,2,0,0,0,0,0,0,0,0,692.791,0,0,-1,0,0,0,0,0,0,0,0,0,0,0,0,0,0,0,0,0,0,0,None,0,0,0,0,0,0,0,1,0,0,0,0,0,0,0,0,0,0,0,0,0,0,0,0,0,0,0,0,0,0,0,0,0,0
SC_TVA,heat_load_shifting,1,356,14,0,0,0,0,0,0,2,0,0,0,0,0,0,0,0,965.628,0,0,-1,0,0,0,0,0,0,0,0,0,0,0,0,0,0,0,0,0,0,0,None,0,0,0,0,0,0,0,1,0,0,0,0,0,0,0,0,0,0,0,0,0,0,0,0,0,0,0,0,0,0,0,0,0,0
SC_VACA,heat_load_shifting,1,357,15,0,0,0,0,0,0,2,0,0,0,0,0,0,0,0,1791.352,0,0,-1,0,0,0,0,0,0,0,0,0,0,0,0,0,0,0,0,0,0,0,None,0,0,0,0,0,0,0,1,0,0,0,0,0,0,0,0,0,0,0,0,0,0,0,0,0,0,0,0,0,0,0,0,0,0